Workbook

Sheet Chinh cho 3 phong
C1: Đài Truyền Hình TPHCM
C2: Trung Tâm Phát hình
F4: BIÊN BẢN BÀN GIAO QUẢN LÝ TÀI SẢN
A6: STT | B6: Số chứng từ | C6: Ngày chứng từ | D6: Số hiệu cũ | E6: Số hiệu | F6: Tên tài sản | G6: Nước SX | H6: ĐVT | I6: SL | J6: Giá trị | K6: Phòng | L6: Người QL | M6: Vị trí
A7: 1 | B7: 04DA/2009 | C7: 40024 | E7: 3010101052001 | F7: Bộ Prompter Control và Tele-prompter | H7: Bộ | I7: 1 | J7: 593040360 | K7: KT | L7: TL | M7: Củ Chi
A8: 1.1 | E8: 3010101052001001 | F8: Máy vi tính, Rackmount Kit:Intel PD 925 (3.0/800/2x2MB), 256 MB PC2-5300 (DDR2-667), 80GB SATA 3.0Gb/s, Integrated Broadcom NetXtreme Gigabit Ethernet NIC, Free DOS software, FDD 1.44MB., Model:DC5700, No:SGH7040B7R | I8: 1 | J8: 0 | K8: KT | L8: TL | M8: Củ Chi
A9: 1.2 | E9: 3010101052001002 | F9: Màn hình 17", No:CNN7022TQR | I9: 1 | J9: 0 | K9: KT | L9: TL | M9: Củ Chi
A10: 1.3 | E10: 3010101052001003 | F10: 15" TFT Flat screen On-Camera monitor inclusive Integral Cue Light & external, Standard Hood with glass & light shield, 'Light weight Adjustable Mounting plate MT/RED, PCI Promptcard with Newsroom interface Winplus & Opto Desk Top Hand Control PCI/WIN/HCI. | I10: 1 | J10: 0 | K10: KT | L10: TL | M10: Củ Chi
A11: 3 | B11: 77/2009 | C11: 40178 | E11: 3010101064002 | F11: Server Capture Digital Future theo định dạng DV và MPEG-2 , Model:i-Capture, No:0787 | G11: Việt Nam | H11: Bộ | I11: 1 | J11: 224486622 | K11: PH | L11: Lam | M11: Máy VP trong lầu 1 PH mới
A12: 3.1 | E12: 3010101064002001 | F12: Màn hình vi tính LCD Viewsonic 17", Model:VA1916W, No:RN7094300049 | I12: 1 | J12: 0 | K12: PH | L12: Lam
A13: 4 | B13: 15/2011 | C13: 40702 | E13: 3010101077001 | F13: Hệ thống chạy chữ Autoscript, Model:TFT15-ELP, No:15E2101005 | G13: Anh | H13: Bộ | I13: 1 | J13: 385639606 | K13: KT | L13: TL | M13: Củ Chi
A14: 4.1 | E14: 3010101077001001 | F14: Máy vi tính chạy chữ Việt Đông | I14: 1 | J14: 12894230 | K14: KT | L14: TL | M14: Củ Chi
A15: 4.2 | E15: 3010101077001002 | F15: Màn hình LCD 17" HP, Model:LE1711, No:3Xuân00113W5 | I15: 1 | J15: 0 | K15: KT | L15: TL | M15: Củ Chi
A16: 5 | B16: 03 DA/2011 | C16: 40875 | E16: 3010101086001 | F16: Máy chủ quản lý dữ liệu File server -Media File Directory server, MediaLibrary File Directory Server, consists of redundant pair of servers, heartbeat interconnect cables, documentation, software. For use with MediaLibrary 24000e or MediaLibrary ML1G (1 bộ gồm 02 cái), Model:TLA-5001-00, No:BZDR72550962, BZDR72652478 | G16: Mỹ | H16: Bộ | I16: 1 | J16: 367831511 | K16: PH | L16: Khanh | M16: BZDR72652478 (PM.mới) Webserver cũ BZDR72550962 (PM.cũ)
A17: 6 | B17: 03 DA/2011 | C17: 40875 | E17: 3010101087001 | F17: Máy tính điều khiển tủ: PCS Server | H17: Bộ | I17: 1 | J17: 317721303 | K17: PH | L17: Khanh | M17: PM.CŨ Sony Petasite
A18: 6.1 | E18: 3010101087001001 | F18: Máy tính điều khiển tủ: PCS Server'. CPU Quad Core Xeon 5420 (2.50GHz). 'Memory: 2 GB Memory Kit. 'FDD: 1 x FDD, HP 2x 146GB SAS 10K 2.5 DP HDD, 'Optical Drive: 1 x DVD-ROM, 'Keyboard and Mouse. 'Redundant P/S: 1 Redundant Power Supply và phần mềm , Model:DL 360G5, No:SGH848XNAT | I18: 1 | J18: 243712689 | K18: PH | L18: Khanh
A19: 6.2 | E19: 3010101087001002 | F19: 17" LCD Monitor, Model:L1710, No:3Xuân8294VN6 | I19: 1 | J19: 8407751 | K19: PH | L19: Khanh
A20: 7 | B20: 03 DA/2011 | C20: 40875 | E20: 3010101088001 | F20: Server hardware for database | H20: Bộ | I20: 1 | J20: 339581457 | K20: PH | L20: Khanh | M20: PM.MỚI SQL.BK
A21: 7.1 | E21: 3010101088001001 | F21: Monitor LCD 19", Model:L1910, No:CNC820PW49 | I21: 1 | J21: 14573436 | K21: PH | L21: Khanh
A22: 7.2 | E22: 3010101088001002 | F22: Server hardware for Database: Quad Core Xeon 5420 (2.50GHz), RAM 2GB, 2 x HP 146GB 10K SAS 2.5 DP HDD; HP Slim 8X/24X DVD-ROM Drive, FDDKeyboard and Mouse, Model:DL360G5, No:GH848XNAS | I22: 1 | J22: 166361375 | K22: PH | L22: Khanh
A23: 8 | B23: 03 DA/2011 | C23: 40875 | E23: 3010101088002 | F23: Server hardware for database | H23: Bộ | I23: 1 | J23: 339581457 | K23: PH | L23: Khanh | M23: PM.Mới SQL.Main
A24: 8.1 | E24: 3010101088002001 | F24: Monitor LCD 19", Model:L1910, No:CNC820PWBM | I24: 1 | J24: 14573436 | K24: PH | L24: Khanh
A25: 8.2 | E25: 3010101088002002 | F25: Server hardware for Database: Quad Core Xeon 5420 (2.50GHz), RAM 2GB, 2 x HP 146GB 10K SAS 2.5 DP HDD; HP Slim 8X/24X DVD-ROM Drive, FDDKeyboard and Mouse, Model:DL360G5, No:GH848XNAV | I25: 1 | J25: 166361375 | K25: PH | L25: Khanh
A26: 9 | B26: 03 DA/2011 | C26: 40875 | E26: 3010101089001 | F26: Hệ thống phần cứng | H26: Bộ | I26: 1 | J26: 209765774 | K26: PH | L26: Khanh | M26: Auto9B HTV9 Bkup, PM.cũ Rack 3
A27: 9.1 | E27: 3010101089001001 | F27: PC hardware for Automation: Xeon 5450 3.00 12M/1333 QC, NVIDIA Quadro FX3700 512MB PCIe GraphicsHP 4GB (2x2GB) DDR2-667 ECC FBD RAM; HP 250GB SATA 3Gb/s . NXuân 7200 1st HDD; HP USB Standard Keyboard; HP USB Optical Scroll Mouse, HP 16X DVD+-RW SuperMulti SATA 1st Drive; Floppy Disk Drive, Model:XW8600, No:SGH85101P2 | I27: 1 | J27: 129591475 | K27: PH | L27: Khanh
A28: 9.2 | E28: 3010101089001002 | F28: 19" LCD monitor, Model:L-1910, No:CNC820PW40 | I28: 1 | J28: 14573436 | K28: PH | L28: Khanh
A29: 10 | B29: 03 DA/2011 | C29: 40875 | E29: 3010101089002 | F29: Hệ thống phần cứng | H29: Bộ | I29: 1 | J29: 209765774 | K29: PH | L29: Khanh | M29: PM.Mới
A30: 10.1 | E30: 3010101089002001 | F30: PC hardware for Automation: Xeon 5450 3.00 12M/1333 QC, NVIDIA Quadro FX3700 512MB PCIe GraphicsHP 4GB (2x2GB) DDR2-667 ECC FBD RAM; HP 250GB SATA 3Gb/s . NXuân 7200 1st HDD; HP USB Standard Keyboard; HP USB Optical Scroll Mouse, HP 16X DVD+-RW SuperMulti SATA 1st Drive; Floppy Disk Drive, Model:XW8600, No:SGH85101P1 | I30: 1 | J30: 129591475 | K30: PH | L30: Khanh
A31: 10.2 | E31: 3010101089002002 | F31: 19" LCD monitor, Model:L-1910, No:CNC820PWBL | I31: 1 | J31: 14573436 | K31: PH | L31: Khanh
A32: 11 | B32: 03 DA/2011 | C32: 40875 | E32: 3010101089003 | F32: Hệ thống phần cứng | H32: Bộ | I32: 1 | J32: 209765774 | K32: PH | L32: Khanh | M32: Kho Lầu 2
A33: 11.1 | E33: 3010101089003001 | F33: PC hardware for Automation: Xeon 5450 3.00 12M/1333 QC, NVIDIA Quadro FX3700 512MB PCIe GraphicsHP 4GB (2x2GB) DDR2-667 ECC FBD RAM; HP 250GB SATA 3Gb/s . NXuân 7200 1st HDD; HP USB Standard Keyboard; HP USB Optical Scroll Mouse, HP 16X DVD+-RW SuperMulti SATA 1st Drive; Floppy Disk Drive, Model:XW8600, No:SGH85101P5 | I33: 1 | J33: 129591475 | K33: PH | L33: Khanh
A34: 11.2 | E34: 3010101089003002 | F34: 19" LCD monitor, Model:L-1910, No:CNC820PW43 | I34: 1 | J34: 14573436 | K34: PH | L34: Khanh
A35: 12 | B35: 03 DA/2011 | C35: 40875 | E35: 3010101089005 | F35: Hệ thống phần cứng | H35: Bộ | I35: 1 | J35: 209765774 | K35: PH | L35: Khanh | M35: PM.mới
A36: 12.1 | E36: 3010101089005001 | F36: PC hardware for Automation: Xeon 5450 3.00 12M/1333 QC, NVIDIA Quadro FX3700 512MB PCIe GraphicsHP 4GB (2x2GB) DDR2-667 ECC FBD RAM; HP 250GB SATA 3Gb/s . NXuân 7200 1st HDD; HP USB Standard Keyboard; HP USB Optical Scroll Mouse, HP 16X DVD+-RW SuperMulti SATA 1st Drive; Floppy Disk Drive, Model:XW8600, No:SGH85101P3 | I36: 1 | J36: 129591475 | K36: PH | L36: Khanh
A37: 13 | B37: 03 DA/2011 | C37: 40875 | E37: 3010101089006 | F37: Hệ thống phần cứng | H37: Bộ | I37: 1 | J37: 209765775 | K37: PH | L37: Khanh | M37: PM.mới
A38: 13.1 | E38: 3010101089006001 | F38: PC hardware for Automation: Xeon 5450 3.00 12M/1333 QC, NVIDIA Quadro FX3700 512MB PCIe GraphicsHP 4GB (2x2GB) DDR2-667 ECC FBD RAM; HP 250GB SATA 3Gb/s . NXuân 7200 1st HDD; HP USB Standard Keyboard; HP USB Optical Scroll Mouse, HP 16X DVD+-RW SuperMulti SATA 1st Drive; Floppy Disk Drive, Model:XW8600, No:SGH85101P6 | I38: 1 | J38: 129591475 | K38: PH | L38: Khanh
A39: 14 | B39: 03 DA/2011 | C39: 40875 | E39: 3010101089008 | F39: Hệ thống phần cứng | H39: Bộ | I39: 1 | J39: 105621760 | K39: PH | L39: Khanh | M39: ingest 1, Kho Lầu 1
A40: 14.1 | E40: 3010101089008001 | F40: PC hardware for AutomationPentium Dual Core E2200 2.2GHz/ G33 Express Chipset/(2* 512MB)=1GB DDR2 800Mhz SDRAM/ 160GB SATA/ DVD R/W+/ No FDD, Win Vista Biz License Preloaded with Win XP Professional, mouse and keyboard, Model:DX2710, No:SGH90307TC | I40: 1 | J40: 31613146 | K40: PH | L40: Khanh
A41: 15 | B41: 03 DA/2011 | C41: 40875 | E41: 3010101089014 | F41: Hệ thống phần cứng | H41: Bộ | I41: 1 | J41: 105621760 | K41: PH | L41: Khanh | M41: Alarm K79, phía sau máy VP1
A42: 15.1 | E42: 3010101089014001 | F42: PC hardware for AutomationPentium Dual Core E2200 2.2GHz/ G33 Express Chipset/(2* 512MB)=1GB DDR2 800Mhz SDRAM/ 160GB SATA/ DVD R/W+/ No FDD, Win Vista Biz License Preloaded with Win XP Professional, mouse and keyboard, Model:DX2710, No:SGH9040CY7 | I42: 1 | J42: 31613146 | K42: PH | L42: Khanh
A43: 15.2 | E43: 3010101089014002 | F43: 17" LCD monitor, Model:L1710, No:3Xuân8294VMX | I43: 1 | J43: 8407752 | K43: PH | L43: Khanh
A44: 16 | B44: 03 DA/2011 | C44: 40875 | E44: 3010101090006 | F44: PC hardware for Traffic management | H44: Bộ | I44: 1 | J44: 40020897 | K44: PH | L44: Khanh | M44: upload 1, Phòng PH
A45: 16.1 | E45: 3010101090006001 | F45: PC hardware for Traffic managementPentium Dual Core E2200 2.2GHz/ G33 Express Chipset/ (2*512MB) =1GB DDR2 800Mhz SDRAM/ 160GB SATA/ DVD R/W+/ No FDD, Win Vista Biz License Preloaded with Win XP Professional, mouse and keyboard, Model:DX2710, No:SGH90307S4 | I45: 1 | J45: 31613145 | K45: PH | L45: Khanh
A46: 16.2 | E46: 3010101090006002 | F46: 17" LCD monitor, Model:L1710, No:3Xuân8294VMQ | I46: 1 | J46: 8407752 | K46: PH | L46: Khanh
A47: 17 | B47: 03 DA/2011 | C47: 40875 | E47: 3010101090007 | F47: PC hardware for Traffic management | H47: Bộ | I47: 1 | J47: 105621760 | K47: PH | L47: Hải | M47: PM.mới
A48: 17.1 | E48: 3010101090007001 | F48: PC hardware for Traffic managementPentium Dual Core E2200 2.2GHz/ G33 Express Chipset/ (2*512MB) =1GB DDR2 800Mhz SDRAM/ 160GB SATA/ DVD R/W+/ No FDD, Win Vista Biz License Preloaded with Win XP Professional, mouse and keyboard, Model:DX2710, No:SGH9040CXJ | I48: 1 | J48: 31613145 | K48: PH | L48: Hải
A49: 17.2 | E49: 3010101090007002 | F49: 17" LCD monitor, Model:L1710, No:3Xuân8294VN5 | I49: 1 | J49: 8407752 | K49: PH | L49: Hải
A50: 18 | B50: 03 DA/2011 | C50: 40875 | E50: 3010101090008 | F50: PC hardware for Traffic management | H50: Bộ | I50: 1 | J50: 40020897 | K50: PH | L50: Hải | M50: Kho Lầu 2
A51: 18.1 | E51: 3010101090008001 | F51: PC hardware for Traffic managementPentium Dual Core E2200 2.2GHz/ G33 Express Chipset/ (2*512MB) =1GB DDR2 800Mhz SDRAM/ 160GB SATA/ DVD R/W+/ No FDD, Win Vista Biz License Preloaded with Win XP Professional, mouse and keyboard, Model:DX2710, No:SGH040CXM | I51: 1 | J51: 31613145 | K51: PH | L51: Hải
A52: 18.2 | E52: 3010101090008002 | F52: 17" LCD monitor, Model:L1710, No:3Xuân8294VN1 | I52: 1 | J52: 8407752 | K52: PH | L52: Hải
A53: 19 | B53: 03 DA/2011 | C53: 40875 | E53: 3010101091001 | F53: Hệ thống phần mềm quản lý dịch chuyển tư liệu. Headquarter scheduler Robotics control. Data pump driver 50MB/sec. Type based policy manager. Sq database driver. Quad-Core Intel Xeon processors: E5430:2.66 GHz, 1333 MHz FSB,80W. 2 GB PC2-5300 FDB (DDR2-667) 2x1GB. 2x 500GB 7.2 K HP SATA HDD PC1142SR 4 GB PCI1142SR 4GB PCI E HBA, Gigabit network adapter - Window XP Professional, No:SGH848XNAX | H53: Hệ thống | I53: 1 | J53: 4296111982 | K53: PH | L53: Hải | M53: PM.cũ Datapump-2
A54: 20 | B54: 03 DA/2011 | C54: 40875 | E54: 3010101092001 | F54: Phần cứng máy tính cho hệ thống phần mềm traffic và automation | H54: Bộ | I54: 1 | J54: 105621760 | K54: PH | L54: Hải | M54: Kho Lầu 1
A55: 20.1 | E55: 3010101092001001 | F55: "PC hardware for browsing system , Pentium Dual Core E2200 2.2GHz/ G33 Express Chipset/(2* 512MB)=1GB DDR2 800Mhz SDRAM/ 160GB SATA/ DVD R/W+/ No FDD, Win Vista Biz License Preloaded with Win XP Professional, mouse and keyboard", Model:DX2710, No:SGH90307TF | I55: 1 | J55: 31613145 | K55: PH | L55: Hải
A56: 20.2 | E56: 3010101092001002 | F56: 17" LCD monitor, Model:L1710, No:3Xuân8294VN2 | I56: 1 | J56: 8407752 | K56: PH | L56: Hải
A57: 21 | B57: 03 DA/2011 | C57: 40875 | E57: 3010101092002 | F57: Phần cứng máy tính cho hệ thống phần mềm traffic và automation | H57: Bộ | I57: 1 | J57: 105621760 | K57: PH | L57: Thảo | M57: Ingest 3 trái capture
A58: 21.1 | E58: 3010101092002001 | F58: "PC hardware for browsing system , Pentium Dual Core E2200 2.2GHz/ G33 Express Chipset/(2* 512MB)=1GB DDR2 800Mhz SDRAM/ 160GB SATA/ DVD R/W+/ No FDD, Win Vista Biz License Preloaded with Win XP Professional, mouse and keyboard", Model:DX2710, No:SGH90307SC | I58: 1 | J58: 31613145 | K58: PH | L58: Thảo
A59: 21.2 | E59: 3010101092002002 | F59: 17" LCD monitor, Model:L1710, No:3Xuân8294VN8 | I59: 1 | J59: 8407752 | K59: PH | L59: Thảo
A60: 22 | B60: 03 DA/2011 | C60: 40875 | E60: 3010101092003 | F60: Phần cứng máy tính cho hệ thống phần mềm traffic và automation | H60: Bộ | I60: 1 | J60: 105621760 | K60: PH | L60: Thảo | M60: kho l2
A61: 22.1 | E61: 3010101092003001 | F61: PC hardware for browsing system , Pentium Dual Core E2200 2.2GHz/ G33 Express Chipset/(2* 512MB)=1GB DDR2 800Mhz SDRAM/ 160GB SATA/ DVD R/W+/ No FDD, Win Vista Biz License Preloaded with Win XP Professional, mouse and keyboard, Model:DX2710, No:SGH9040CWO | I61: 1 | J61: 31613145 | K61: PH | L61: Thảo
A62: 23 | B62: 03 DA/2011 | C62: 40875 | E62: 3010101092004 | F62: Phần cứng máy tính cho hệ thống phần mềm traffic và automation | H62: Bộ | I62: 1 | J62: 105621760 | K62: PH | L62: Thảo | M62: kho l2
A63: 23.1 | E63: 3010101092004001 | F63: PC hardware for browsing system , Pentium Dual Core E2200 2.2GHz/ G33 Express Chipset/(2* 512MB)=1GB DDR2 800Mhz SDRAM/ 160GB SATA/ DVD R/W+/ No FDD, Win Vista Biz License Preloaded with Win XP Professional, mouse and keyboard, Model:DX2710, No:SGH9040CY9 | I63: 1 | J63: 31613145 | K63: PH | L63: Thảo
A64: 23.2 | E64: 3010101092004002 | F64: 17" LCD monitor, Model:L1710, No:3Xuân8294VGP | I64: 1 | J64: 8407752 | K64: PH | L64: Thảo
A65: 24 | B65: 03 DA/2011 | C65: 40875 | E65: 3010101092005 | F65: Phần cứng máy tính cho hệ thống phần mềm traffic và automation | H65: Bộ | I65: 1 | J65: 105621760 | K65: PH | L65: Thảo | M65: upload1 máy ngoài L1
A66: 24.1 | E66: 3010101092005001 | F66: PC hardware for browsing system , Pentium Dual Core E2200 2.2GHz/ G33 Express Chipset/(2* 512MB)=1GB DDR2 800Mhz SDRAM/ 160GB SATA/ DVD R/W+/ No FDD, Win Vista Biz License Preloaded with Win XP Professional, mouse and keyboard, Model:DX2710, No:SGH9040CT8 | I66: 1 | J66: 31613145 | K66: PH | L66: Thảo
A67: 24.2 | E67: 3010101092005002 | F67: 17" LCD monitor, Model:L1710, No:3Xuân8294VHK | I67: 1 | J67: 8407752 | K67: PH | L67: Thảo
A68: 25 | B68: 03/2012 | C68: 40948 | E68: 3010101096001 | F68: Máy capture file Digital Future, Model:i-capture, No:0706 | G68: Việt Nam | H68: Bộ | I68: 1 | J68: 180121617 | K68: PH | L68: Thảo | M68: Máy xác nhận file
A69: 25.1 | E69: 3010101096001001 | F69: Màn hình LCD 19" Samsung, Model:S19A10N, No:MQ3SHYTB902219M | I69: 1 | J69: 0 | K69: PH | L69: Thảo
A70: 26 | B70: 03/2012 | C70: 40948 | E70: 3010101096002 | F70: Máy capture file Digital Future, Model:i-capture, No:0707 | G70: Việt Nam | H70: Bộ | I70: 1 | J70: 180121617 | K70: MCR | L70: Tâm | M70: Delay1SD
A71: 26.1 | E71: 3010101096002001 | F71: Màn hình LCD 19" Samsung, Model:S19A10N, No:MQ3SHYTB902104W | I71: 1 | J71: 0 | K71: MCR | L71: Tâm
A72: 27 | B72: 26/2013 | C72: 41512 | E72: 3010101096003 | F72: Máy capture file Digital Future, Model:i-capture, No:0714 | G72: Việt Nam | H72: Bộ | I72: 1 | J72: 175328000 | K72: MCR | L72: Tâm | M72: HTV1 MAIN
A73: 27.1 | E73: 3010101096003001 | F73: Màn hình vi tính LG 19", Model:E1942CA, No:301INXJ02874 | I73: 1 | J73: 0 | K73: MCR | L73: Tâm
A74: 28 | B74: 39/2013 | C74: 41635 | E74: 3010101096004 | F74: Máy capture file Digital Future ((loại 2 kênh)), Model:i-capture, No:0711 | G74: Việt Nam | H74: Bộ | I74: 1 | J74: 254478351 | K74: MCR | L74: Tâm | M74: Delay2SD
A75: 28.1 | E75: 3010101096004001 | F75: Màn hình LCD Asus , Model:VS248, No:C7LMTJ004738 | I75: 1 | J75: 0 | K75: MCR | L75: Tâm | M75: F1-màn hình máy Đạo diễn, giống serial nhưng khác model ???
A76: 29 | B76: 39/2013 | C76: 41635 | E76: 3010101096005 | F76: Máy capture file Digital Future ((loại 2 kênh)), Model:i-capture, No:0712 | G76: Việt Nam | H76: Bộ | I76: 1 | J76: 254478351 | K76: KT | L76: Xuân | M76: =IFERROR(VLOOKUP(E76, TSCD_XUAN!$C$7:$K$1000, 9, 0), "Không tìm thấy") -> A2-R6 Linux
A77: 29.1 | E77: 3010101096005001 | F77: Màn hình LCD Asus , Model:VS248, No:C7LMTJ005923 | I77: 1 | J77: 0 | K77: KT | L77: THANH | M77: F1: hư, để dưới tủ bàn đạo diễn F1
A78: 30 | B78: 39/2013 | C78: 41635 | E78: 3010101096006 | F78: Máy capture file Digital Future ((loại 2 kênh)), Model:i-capture, No:0713 | G78: Việt Nam | H78: Bộ | I78: 1 | J78: 254478351 | K78: MCR | L78: Tâm | M78: Capture 2
A79: 30.1 | E79: 3010101096006001 | F79: Màn hình LCD Asus , Model:VS248, No:C8LMTF052435 | I79: 1 | J79: 0 | K79: MCR | L79: Tâm
A80: 31 | B80: 0011GTTS/AR/DV09/2016 | C80: 42726 | E80: 3010101096007 | F80: Máy capture file Digital Future (Máy ghi file HD cho vệ tinh), Model:i-capture, No:15824C01 | G80: Việt Nam | H80: Bộ | I80: 1 | J80: 180900000 | K80: MCR | L80: Tâm | M80: Capture PD3
A81: 31.1 | E81: 3010101096007001 | F81: Màn hình Asus LCD, Model:VS229, No:F6LMQS000639 | G81: Trung Quốc | H81: Cái | I81: 1 | J81: 0 | K81: MCR | L81: Tâm
A82: 32 | B82: 0011GTTS/AR/DV09/2016 | C82: 42726 | E82: 3010101096008 | F82: Máy capture file Digital Future (Máy ghi file HD cho vệ tinh), Model:i-capture, No:15824C02 | G82: Việt Nam | H82: Bộ | I82: 1 | J82: 180900000 | K82: MCR | L82: Tâm | M82: Delay2HD
A83: 32.1 | E83: 3010101096008001 | F83: Màn hình Asus LCD, Model:VS229, No:F6LMQS000720 | G83: Trung Quốc | H83: Cái | I83: 1 | J83: 0 | K83: MCR | L83: Tâm
A84: 33 | B84: 0011GTTS/AR/DV09/2016 | C84: 42726 | E84: 3010101096009 | F84: Máy capture file Digital Future (Máy ghi file HD cho vệ tinh), Model:i-capture, No:15824C03 | G84: Việt Nam | H84: Bộ | I84: 1 | J84: 180900000 | K84: MCR | L84: Tâm | M84: Capture 4
A85: 33.1 | E85: 3010101096009001 | F85: Màn hình Asus LCD, Model:VS229, No:F6LMQS000723 | G85: Trung Quốc | H85: Cái | I85: 1 | J85: 0 | K85: MCR | L85: Tâm
A86: 34 | B86: 0011GTTS/AR/DV09/2016 | C86: 42726 | E86: 3010101096010 | F86: Máy capture file Digital Future (Máy ghi file HD cho vệ tinh), Model:i-capture, No:15824C04 | G86: Việt Nam | H86: Bộ | I86: 1 | J86: 180900000 | K86: MCR | L86: Tâm | M86: Capture 5
A87: 34.1 | E87: 3010101096010001 | F87: Màn hình Asus LCD, Model:VS229, No:EBLMQS003615 | G87: Trung Quốc | H87: Cái | I87: 1 | J87: 0 | K87: MCR | L87: Tâm
A88: 35 | B88: 0011GTTS/AR/DV09/2016 | C88: 42726 | E88: 3010101096011 | F88: Máy capture file Digital Future (Máy ghi file HD cho vệ tinh), Model:i-capture, No:15824C05 | G88: Việt Nam | H88: Bộ | I88: 1 | J88: 180900000 | K88: MCR | L88: Tâm | M88: Capture 3
A89: 35.1 | E89: 3010101096011001 | F89: Màn hình Asus LCD, Model:VS229, No:EBLMQS004036 | G89: Trung Quốc | H89: Cái | I89: 1 | J89: 0 | K89: MCR | L89: Tâm
A90: 36 | B90: 27/2013 | C90: 41542 | E90: 3010101107004 | F90: Máy tính duyệt file Digital Future, Model:i-Check, No:40030 | G90: Việt Nam | H90: Bộ | I90: 1 | J90: 59900000 | K90: KT | L90: Xuân | M90: =IFERROR(VLOOKUP(E90, TSCD_XUAN!$C$7:$K$1000, 9, 0), "Không tìm thấy") -> phtkt bàn HA quản lý CPU, a Việt giữ màn hình
A91: 36.1 | E91: 3010101107004001 | F91: Màn hình vi tính Samsung 19", Model:S19B150B, No:MQJ3HYCD300445A | I91: 1 | J91: 0 | K91: MCR | L91: Tâm | M91: bàn HA quản lý CPU, a Việt giữ màn hình
A92: 37 | B92: 23/2012 | C92: 41044 | E92: 3010101111001 | F92: Máy vi tính Apple có chức năng dựng , Model:Mac Pro, No:YM13901XEUH | G92: Trung Quốc | H92: Bộ | I92: 1 | J92: 320390000 | K92: KT | L92: NQ | M92: phòng Hoàng Long
A93: 37.1 | E93: 3010101111001001 | F93: Màn hình Apple LED Cinema Display, Model:Mac Pro, No:W82031X66JL | I93: 1 | J93: 0 | K93: KT | L93: NQ | M93: phòng Hoàng Long
A94: 37.2 | E94: 3010101111001002 | F94: Màn hình Apple LED Cinema Display, Model:Mac Pro, No:W82031WH6JL | I94: 1 | J94: 0 | K94: KT | L94: NQ | M94: phòng Hoàng Long
A95: 38 | B95: 23/2012 | C95: 41044 | E95: 3010101111002 | F95: Máy vi tính Apple có chức năng dựng , Model:Mac Pro, No:YM13901YEUH | G95: Trung Quốc | H95: Bộ | I95: 1 | J95: 320390000 | K95: PGD | L95: HAN | M95: P.htkt, bàn sạc pin
A96: 38.1 | E96: 3010101111002001 | F96: Màn hình Apple LED Cinema Display, Model:Mac Pro, No:W814938U6JL | I96: 1 | J96: 0 | K96: PGD | L96: HAN | M96: P.htkt, bàn sạc pin
A97: 38.2 | E97: 3010101111002002 | F97: Màn hình Apple LED Cinema Display, Model:Mac Pro, No:W82031WC6JL | I97: 1 | J97: 0 | K97: PGD | L97: HAN | M97: có giấy bàn giao a An, FILE HAN-A An man hinh Apple 20-1-2017
A98: 39 | B98: 28/2012 | C98: 41073 | E98: 3010101112001 | F98: Phần cứng máy chủ HP, Model:DL160 G6, No:SGH147XACB | G98: Singapore | H98: Bộ | I98: 1 | J98: 199017590 | K98: PH | L98: Thảo | M98: R 2-6 Boss PC New
A99: 40 | B99: 39/2013 | C99: 41635 | E99: 3010101112002 | F99: Phần cứng máy chủ HP ((Server quản lý đồ họa Kernel Controller/WASP3D)), Model:DL160 G6, No:CN7238090P | G99: Singapore | H99: Bộ | I99: 1 | J99: 236609694 | K99: KT | L99: Xuân | M99: =IFERROR(VLOOKUP(E99, TSCD_XUAN!$C$7:$K$1000, 9, 0), "Không tìm thấy") -> Mcr cũ - Wasp KC
A100: 40.1 | E100: 3010101112002001 | F100: Màn hình LCD HP, Model:LE2002X, No:CNC1400LX9 | I100: 1 | J100: 0 | K100: KT | L100: TL | M100: Củ Chi
A101: 41 | B101: 31/2012 | C101: 41107 | E101: 3010101113001 | F101: Hệ thống server lưu trữ, Model:i-Storage, No:0033 | G101: Việt Nam | H101: Bộ | I101: 1 | J101: 48500000 | K101: MCR | L101: Tâm | M101: Storage HTV4
A102: 42 | B102: 42/2012 | C102: 41193 | E102: 3010101115001 | F102: Máy tính Worsktation HP (Hệ thống đồ họa: nguồn HP Z800 850W, MS Windows 7 Professional 64,CPU Intel Xeon X56723.20 12MB/1333 4C. CPU1. RAM: HP4GB (4x1GB)DDR3-1333ECC 1-CPU. Graphic card : ATI Radeon HD 6970 2GB PCIe . HDD: HP 320GB SATA 7200, 1st. HP USB standard keyboard. HP USB Optical Sccroll Mouse. HP 16X DVD+/-RW Super Multi SATA, 1stODD. HP Air Cooling Solution), Model:Z800, No:SGH213T2N2 | G102: Singapore | H102: Bộ | I102: 1 | J102: 932830700 | K102: KT | L102: Xuân | M102: =IFERROR(VLOOKUP(E102, TSCD_XUAN!$C$7:$K$1000, 9, 0), "Không tìm thấy") -> A2-R6, wasp server
...

Sheet TSCD_XUAN
A1: Đài Phát Thanh - Truyền Hình TP.HCM
B2: Trung Tâm Phát hình - Tư liệu
C4: BIÊN BẢN BÀN GIAO QUẢN LÝ TÀI SẢN Chịu trách nhiệm chính: ……………………………………. Chịu trách nhiệm phụ: ……………………………..
A6: STT | B6: Ngày chứng từ | C6: Số hiệu | D6: Tên tài sản | E6: Nước SX | F6: ĐVT | G6: SL | H6: Giá trị | I6: Phòng | J6: Người QL | K6: Vị trí | M6: Kiểm tra Text | N6: Tình trạng
A7: 29 | B7: 41635 | C7: 3010101096005 | D7: Máy capture file Digital Future ((loại 2 kênh)), Model:i-capture, No:0712 | E7: Việt Nam | F7: Bộ | G7: 1 | H7: 254478351 | I7: KT | J7: Xuân | K7: A2-R6 Linux | M7: TRUE | N7: Còn
A8: 36 | B8: 41542 | C8: 3010101107004 | D8: Máy tính duyệt file Digital Future, Model:i-Check, No:40030 | E8: Việt Nam | F8: Bộ | G8: 1 | H8: 59900000 | I8: KT | J8: Xuân | K8: phtkt bàn HA quản lý CPU, a Việt giữ màn hình | M8: TRUE | N8: Còn
A9: 40 | B9: 41635 | C9: 3010101112002 | D9: Phần cứng máy chủ HP ((Server quản lý đồ họa Kernel Controller/WASP3D)), Model:DL160 G6, No:CN7238090P | E9: Singapore | F9: Bộ | G9: 1 | H9: 236609694 | I9: KT | J9: Xuân | K9: Mcr cũ - Wasp KC | M9: TRUE | N9: Còn
A10: 42 | B10: 41193 | C10: 3010101115001 | D10: Máy tính Worsktation HP (Hệ thống đồ họa: nguồn HP Z800 850W, MS Windows 7 Professional 64,CPU Intel Xeon X56723.20 12MB/1333 4C. CPU1. RAM: HP4GB (4x1GB)DDR3-1333ECC 1-CPU. Graphic card : ATI Radeon HD 6970 2GB PCIe . HDD: HP 320GB SATA 7200, 1st. HP USB standard keyboard. HP USB Optical Sccroll Mouse. HP 16X DVD+/-RW Super Multi SATA, 1stODD. HP Air Cooling Solution), Model:Z800, No:SGH213T2N2 | E10: Singapore | F10: Bộ | G10: 1 | H10: 932830700 | I10: KT | J10: Xuân | K10: A2-R6, wasp server | M10: TRUE | N10: Còn
A11: 44 | B11: 41193 | C11: 3010101116001 | D11: Máy tính Worsktation HP (Hệ thống điều khiển: nguồn HP Z200 320W, Graphics cardATI Fire Pro V4800 1GB. HDD: HP 250GB SATA 7200, 1st. HP USB standard keyboard. HP USB Optical Sccroll Mouse. OS MS Windows 7 Profestional 64 bit có bản quyền . HP 16X DVD+ RW Super Multi SATA 1st Drive. CPU Intel Xeon X3430 2.40 8MB+B70/1333QC. Windows 7 OS WW Recovery Media RAM HP 2GB (2x1GB)DDR3-1333 nECC), Model:Z210, No:SGH213T2N1 | E11: Singapore | F11: Bộ | G11: 1 | H11: 115933734 | I11: KT | J11: Xuân | K11: A2-R6: Wasp client | M11: TRUE | N11: Còn
A12: 60.2 | C12: 3010101129001002 | D12: Bộ làm trễ âm thanh Hotronic, Model:AU51D, No:51243 | G12: 1 | H12: 0 | I12: KT | J12: Xuân | K12: A2-Control trên Rack: bộ làm trễ tiếng | M12: TRUE | N12: Còn
A13: 71.4 | C13: 3010101158001004 | D13: 20" monitor LCD LV-2011, Model:HP-LV2011, No:CNC308PW59 | E13: Trung Quốc | F13: Cái | G13: 1 | H13: 0 | I13: KT | J13: Xuân | K13: A2-Control trên rack -kho | M13: TRUE | N13: Còn
A14: 143 | B14: 43256 | C14: 3010102389002 | D14: Máy tính HP (chuyên dụng cho thiết kế phim trường ảo - kèm Màn hình, card xuất hình), Model:Z640, No:SGH748TN46 | E14: Singapore | F14: Bộ | G14: 1 | H14: 389452666 | I14: KT | J14: Xuân | K14: F1 Infinity | M14: TRUE | N14: Còn
A15: 143.1 | C15: 3010102389002001 | D15: Màn hình HP 24", Model:Z24n, No:CN4745028V | E15: Trung Quốc | F15: Cái | G15: 1 | H15: 14892045 | I15: KT | J15: Xuân | K15: pHTKT: màn hình Hàn | M15: TRUE | N15: Còn
A16: 143.2 | C16: 3010102389002002 | D16: Card xuất hình AJA, Model:Corvid 88-T, No:U04758 | E16: Mỹ | F16: Cái | G16: 1 | H16: 102395650 | I16: KT | J16: Xuân | K16: F1 Infinity card trong CPU | M16: TRUE | N16: Còn
A17: 173 | B17: 43256 | C17: 3010202036004 | D17: Swich mạng Cisco, Model:WS-C2960X-24TS-LL, No:FCW2146A2ZN | E17: Trung Quốc | F17: Cái | G17: 1 | H17: 34611169 | I17: KT | J17: Xuân | K17: A2-R6 | M17: TRUE | N17: Còn
A18: 194 | B18: 36160 | C18: 3010502006001 | D18: Rắc đặt thiết bị | F18: Cái | G18: 1 | H18: 44585475 | I18: KT | J18: Xuân | K18: A2-Kho | M18: TRUE | N18: Còn
A19: 194.1 | C19: 3010502006001001 | D19: Control and monitor rack W/AC power | G19: 1 | I19: KT | J19: Xuân | K19: A2-Kho chung với Rack | M19: TRUE | N19: Còn
A20: 199 | B20: 40639 | C20: 3020302005001 | D20: Hệ thống camera IP cho khu vực kỹ thuật | F20: Hệ thống | G20: 1 | H20: 153553733 | I20: KT | J20: Xuân | K20: A2 | M20: TRUE | N20: Còn
A21: 199.1 | C21: 3020302005001001 | D21: Camera IP ACTi bán cầu hồng ngoại ngày đêm loại trong nhà, Model:ACM-3511, No:ACM3511-10E-X-00638 | G21: 1 | H21: 12862200 | I21: KT | J21: Xuân | K21: F1 CONTROL | M21: TRUE | N21: Còn
A22: 199.2 | C22: 3020302005001002 | D22: Camera IP ACTi bán cầu hồng ngoại ngày đêm loại trong nhà, Model:ACM-3511, No:ACM3511-10E-X-00639 | G22: 1 | H22: 12862200 | I22: KT | J22: Xuân | K22: MCR CŨ | M22: TRUE | N22: Còn
A23: 199.3 | C23: 3020302005001003 | D23: Camera IP ACTi bán cầu hồng ngoại ngày đêm loại trong nhà, Model:ACM-3511, No:ACM3511-10E-X-00598 | G23: 1 | H23: 12862200 | I23: KT | J23: Xuân | K23: A2 control rack audio | M23: TRUE | N23: Còn
A24: 199.4 | C24: 3020302005001004 | D24: Camera IP ACTi bán cầu hồng ngoại ngày đêm loại trong nhà, Model:ACM-3511, No:ACM3511-10E-X-00602 | G24: 1 | H24: 12862200 | I24: KT | J24: Xuân | K24: A1 PHÒNG HIỆN | M24: TRUE | N24: Còn
A25: 199.5 | C25: 3020302005001005 | D25: Camera IP ACTi bán cầu hồng ngoại ngày đêm loại trong nhà, Model:ACM-3511, No:ACM3511-10E-X-00632 | G25: 1 | H25: 12862200 | I25: KT | J25: Xuân | K25: A2 PHÒNG HIỆN | M25: TRUE | N25: Còn
A26: 199.6 | C26: 3020302005001006 | D26: Camera IP ACTi bán cầu hồng ngoại ngày đêm loại trong nhà, Model:ACM-3511, No:ACM3511-10E-X-00633 | G26: 1 | H26: 12862200 | I26: KT | J26: Xuân | K26: MCR CŨ | M26: TRUE | N26: Còn
A27: 199.1 | C27: 3.0203E+15 | D27: Màn hình vi tính HP LCD 23", No:CNC0220CLG | G27: 1 | H27: 0 | I27: KT | J27: Xuân | K27: CQ mang theo khi qua phòng Tư liệu | M27: TRUE | N27: Còn
A28: 201 | B28: 39994 | C28: 302030502008010 | D28: Bảng điều khiển 10 nút nhấn 1RU, Model:ICS-102T, No:801161 | E28: Mỹ | F28: Cái | G28: 1 | H28: 60254203 | I28: KT | J28: Xuân | K28: A2-kho: Intercom Matrix Plus | M28: TRUE | N28: Còn
A29: 229 | B29: 41274 | C29: 302030503003001 | D29: Đầu Ghi Hình Kỹ Thuật Số Supermicro, Model:CSE-822, No:C82200B32M20131 | E29: Trung Quốc | F29: Bộ | G29: 1 | H29: 65131148 | I29: KT | J29: Xuân | K29: MCR cũ, Cam quan sát | M29: TRUE | N29: Còn
A30: 229.1 | C30: 302030503003001001 | D30: PHẦN MỀM GHI HÌNH QUẢN L Ý CAMERA ACTi 32 KÊNH, Model:NVR v2.3 Enterprise | G30: 1 | H30: 25000000 | I30: KT | J30: Xuân | K30: soft | M30: TRUE | N30: Còn
A31: 232 | B31: 36160 | C31: 302099901028001 | D31: Bộ kiểm thính audio | F31: Bộ | G31: 1 | H31: 48231975 | I31: KT | J31: Xuân | K31: A2-control: Rack | M31: TRUE | N31: Còn
A32: 232.1 | C32: 302099901028001001 | D32: Bộ khuếch đại âm thanh (Audio power amplifier amcron), Model:Amcron | G32: 1 | I32: KT | J32: Xuân | K32: A2-control: Rack | M32: TRUE | N32: Còn
A33: 233 | B33: 41983 | C33: 302099901188001 | D33: Audio mixer 24 đường vào-Soundcraft, Model:GB8, No:RW5695SM151571 | E33: Trung Quốc | F33: Bộ | G33: 1 | H33: 123652652 | I33: KT | J33: Xuân | K33: TTPH-Kho lầu 2 | M33: TRUE | N33: Còn
A34: 257 | B34: 39994 | C34: 302099902619005 | D34: Bộ chuyển đổi qua lại (Bi directional AD/DA) tín hiệu hình tiếng tương tự và tín hiệu số , Model:Multibridge, No:90618 | F34: Cái | G34: 1 | H34: 38725405 | I34: KT | J34: Xuân | K34: A2-R8: BM3 | M34: TRUE | N34: Còn
A35: 262 | B35: 40352 | C35: 302099902666001 | D35: Bộ chuyển mạch số 16x16 Leitch, Model:P16X16SIE, No:LHTI0463076002 | E35: Canada | F35: Bộ | G35: 1 | H35: 433862205 | I35: KT | J35: Xuân | K35: A1-R4 | M35: TRUE | N35: Còn
A36: 262.1 | C36: 302099902666001001 | D36: Bộ điều khiển 16x1 Leitch cho Bộ chuyển mạch số 16x16 Leitch, Model:RCP-16X1P, No:LHTI0470933003 | G36: 1 | H36: 21916668 | I36: KT | J36: Xuân | K36: A2-Kho: rack (remote) | L36: đề nghị thanh lý | M36: TRUE | N36: Còn
A37: 262.2 | C37: 302099902666001002 | D37: Bộ điều khiển 16x1 Leitch cho Bộ chuyển mạch số 16x16 Leitch, Model:RCP-16X1P, No:LHTI0470935004 | G37: 1 | H37: 21916668 | I37: KT | J37: Xuân | K37: A2-Kho: rack (remote) | L37: đề nghị thanh lý | M37: TRUE | N37: Còn
A38: 262.3 | C38: 302099902666001003 | D38: Bộ điều khiển 16x1 Leitch cho Bộ chuyển mạch số 16x16 Leitch, Model:RCP-16X1P, No:LHTI0470933005 | G38: 1 | H38: 21916668 | I38: KT | J38: Xuân | K38: A2-Kho: rack (remote) | L38: đề nghị thanh lý | M38: TRUE | N38: Còn
A39: 262.4 | C39: 302099902666001004 | D39: Bộ điều khiển 16x1 Leitch cho Bộ chuyển mạch số 16x16 Leitch, Model:RCP-16X1P, No:LHTI0470935010 | G39: 1 | H39: 21916670 | I39: KT | J39: Xuân | K39: A2-Kho: rack (remote) | L39: đề nghị thanh lý | M39: TRUE | N39: Còn
A40: 269 | B40: 40948 | C40: 302099902707001 | D40: Bộ xử lý tín hiệu số Harris , Model:X50, No:LHTI2111159309 | E40: Canada | F40: Bộ | G40: 1 | H40: 268070586 | I40: KT | J40: Xuân | K40: A2-R8: x50-1 | M40: TRUE | N40: Còn
A41: 271.1 | C41: 302099902710003001 | D41: Monitor LCD 20" Samsung, Model:B2030, No:1457HYTB200367Z | G41: 1 | H41: 0 | I41: KT | J41: Xuân | K41: A2-Control, màn hình Prompter | M41: TRUE | N41: Còn
A42: 272 | B42: 41044 | C42: 302099902714001 | D42: Bộ trộn âm thanh analog Soundcraft 24 đường vào , Model:GB8, No:RW5695SM151504 | E42: Trung Quốc | F42: Bộ | G42: 1 | H42: 112936000 | I42: KT | J42: Xuân | K42: TTPH-Kho lầu 2 | L42: KIỂM 4/23 | M42: TRUE | N42: Còn
A43: 278 | B43: 41606 | C43: 302099902753001 | D43: Bộ trộn hình tín hiệu HD, Model:Kahuna, No:3MF52110665 | E43: Anh | F43: Bộ | G43: 1 | H43: 2641956303 | I43: KT | J43: Xuân | K43: A2-Kho: trên Rack - Đề nghị TL- màn hình linux A2 | L43: đề nghị thanh lý | M43: TRUE | N43: Còn
A44: 278.1 | C44: 302099902753001001 | D44: Bàn điều khiển 1M/E control Panel, Model:Kahuna, No:1ME53010605 | G44: 1 | H44: 0 | I44: KT | J44: Xuân | K44: A2-Kho: trên Rack - Đề nghị TL | L44: đề nghị thanh lý | M44: TRUE | N44: Còn
A45: 278.2 | C45: 302099902753001002 | D45: Bộ Aux Panel đấu nối từ xa - 1RU Remote Aux Panel, No:1AU53010600 | G45: 1 | H45: 0 | I45: KT | J45: Xuân | K45: A2-Kho: trên Rack - Đề nghị TL | L45: đề nghị thanh lý | M45: TRUE | N45: Còn
A46: 278.3 | C46: 302099902753001003 | D46: Các lựa chọn cho production switcher khác: Resizer effect, Modulation, Cliptrax, Still-Clipe Store extension, No:GPR53010609 | G46: 1 | H46: 0 | I46: KT | J46: Xuân | K46: A2-Kho: trên Rack - Đề nghị TL, chung mainframe | L46: đề nghị thanh lý | M46: TRUE | N46: Còn
A47: 278.4 | C47: 302099902753001004 | D47: Màn hình Sam sung , Model:E1720, No:MPFRHYCCC02196R | G47: 1 | H47: 0 | I47: KT | J47: Xuân | K47: A2-Kho: trên Rack - Đề nghị TL | L47: đề nghị thanh lý | M47: TRUE | N47: Còn
A48: 303 | B48: 41983 | C48: 302099902808001 | D48: Bộ trộn hình HD-Snell, Model:Kahuna, No:3MF53080647 | E48: Anh | F48: Bộ | G48: 1 | H48: 2456211629 | I48: KT | J48: Xuân | K48: A2-Kho: trên Rack - Đề nghị TL | L48: đề nghị thanh lý | M48: TRUE | N48: Còn
A49: 303.2 | C49: 302099902808001002 | D49: Bàn điều khiển 1M/E control Panel, Model:Kahuna, No:1ME53080611 | F49: Cái | G49: 1 | H49: 0 | I49: KT | J49: Xuân | K49: A2-Kho: trên Rack - Đề nghị TL | L49: đề nghị thanh lý | M49: TRUE | N49: Còn
A50: 321 | B50: 42726 | C50: 302099902869002 | D50: Khung Black magic Design (chứa nguồn dự phòng, bộ chia tín hiệu hình HD-SDI), Model:OpenGear 3.0 OG3-FR, No:30097685021 | E50: Canada | F50: Bộ | G50: 1 | H50: 242150000 | I50: KT | J50: Xuân | K50: A2-R7 khung BM | M50: TRUE | N50: Còn
A51: 322 | B51: 42726 | C51: 302099902870001 | D51: Bộ Black magic Design (Bộ trộn hình, xử lý), Model:Atem 2M/E Production Studio 4K, No:2669505 | E51: Singapore | F51: Bộ | G51: 1 | H51: 245230000 | I51: KT | J51: Xuân | K51: A2-R7 sw BK | M51: TRUE | N51: Còn
A52: 322.1 | C52: 302099902870001001 | D52: Bàn điều khiển Black magic Design, Model:Atem 2M/E Broadcast Panel, No:2660907 | E52: Úc | F52: Cái | G52: 1 | H52: 0 | I52: KT | J52: Xuân | K52: A2-Control, Sw Bk | M52: TRUE | N52: Còn
A53: 373 | B53: 43798 | C53: 302099902915002 | D53: Bàn điều khiển Blackmagic design (Bàn điều khiển phim trường), Model:ATEM Camera Control Panel, No:5193049 | E53: Indonesia | F53: Cái | G53: 1 | H53: 72900000 | I53: KT | J53: Xuân | K53: Kho lầu 2 | M53: TRUE | N53: Còn
A54: 374 | B54: 43827 | C54: 302099902916001 | D54: Bộ giám giám sát Craltech (giám sát nhiều ngõ vào), Model:CBP-100, No:19040002 | E54: Tây Ban Nha | F54: Bộ | G54: 1 | H54: 219000000 | I54: KT | J54: Xuân | K54: A1 - Rack 3 | M54: TRUE | N54: Còn
A55: 375 | B55: 43827 | C55: 302099902916002 | D55: Bộ giám giám sát Craltech (giám sát nhiều ngõ vào), Model:CBP-100, No:19040006 | E55: Tây Ban Nha | F55: Bộ | G55: 1 | H55: 219000000 | I55: KT | J55: Xuân | K55: F1 control | M55: TRUE | N55: Còn
A56: 513 | B56: 40045 | C56: 30209990548002 | D56: Digital waveform Tektronix, Model:WFM-5000, No:B011322 | E56: Mỹ | F56: Cái | G56: 1 | H56: 169640260 | I56: KT | J56: Xuân | K56: F1 control | M56: TRUE | N56: Còn
A57: 526.1 | C57: 302099905598002001 | D57: Màn hình Dell, Model:E1914HC, No:CN0657PN6418036E4J9B | E57: Trung Quốc | F57: Cái | G57: 1 | H57: 0 | I57: KT | J57: Xuân | K57: A2-Control, Màn hình điều khiển SW KAHUNA. A1 CONTROL | M57: TRUE | N57: Còn
A58: 612 | B58: 35430 | C58: 302099907057001 | D58: BDL Autoscript Prompter System ( Thiết bị đọc văn bản trực tiếp BDL ) | F58: Thiết Bị | G58: 1 | H58: 133770332 | I58: KT | J58: Xuân | K58: CAM3 A2 PHÒNG HIỆN | M58: TRUE | N58: Còn
A59: 612.1 | C59: 302099907057001001 | D59: PC Fromptead + Winplus + Studio Version Software | G59: 1 | I59: KT | J59: Xuân | K59: CAM3 A2 PHÒNG HIỆN | M59: TRUE | N59: Còn
A60: 612.2 | C60: 302099907057001002 | D60: Pakage Complete With Desktop Hand- Control | G60: 1 | I60: KT | J60: Xuân | K60: CAM3 A2 PHÒNG HIỆN | M60: TRUE | N60: Còn
A61: 612.3 | C61: 302099907057001003 | D61: 12 On Canera Prompter With ABS Glas Ho | G61: 1 | I61: KT | J61: Xuân | K61: CAM3 A2 PHÒNG HIỆN | M61: TRUE | N61: Còn
A62: 612.4 | C62: 302099907057001004 | D62: Assembly Glass Mounting Rods , AC Power Supply | G62: 1 | I62: KT | J62: Xuân | K62: CAM3 A2 PHÒNG HIỆN | M62: TRUE | N62: Còn
A63: 612.5 | C63: 302099907057001005 | D63: Adjusttable on Camera Mounting plate to ENG/EFP | G63: 1 | I63: KT | J63: Xuân | K63: CAM3 A2 PHÒNG HIỆN | M63: TRUE | N63: Còn
A64: 612.6 | C64: 302099907057001006 | D64: Camera ARI/1, PC for Prompter System | G64: 1 | I64: KT | J64: Xuân | K64: CAM3 A2 PHÒNG HIỆN | M64: TRUE | N64: Còn
A65: 621 | B65: 41982 | C65: 302099907339001 | D65: Chân camera Vinten, Model:Vision 250, No:3465-10052 | E65: Anh | F65: Bộ | G65: 1 | H65: 416658000 | I65: KT | J65: Xuân | K65: Kho lầu 2 | M65: TRUE | N65: Còn
A66: 637 | B66: 43798 | C66: 302099907381004 | D66: Máy quay phim Blackmagic design (camera phim trường, kèm ống kinh wide), Model:Blackmagic Studio Camera 4K2, No:5240770 | E66: Singapore | F66: Cái | G66: 1 | H66: 78660000 | I66: KT | J66: Xuân | K66: A2-MC cam boom ống kính wide | M66: TRUE | N66: Còn
A67: 637.1 | C67: 302099907381004001 | D67: Ống kinh wide Panasonic, Model:H-F007014, No:BR8SH104930 | E67: Nhật | F67: Cái | G67: 1 | H67: 27560000 | I67: KT | J67: Xuân | K67: A2-MC cam boom ống kính wide | M67: TRUE | N67: Còn
A68: 638 | B68: 43798 | C68: 302099907381005 | D68: Máy quay phim Blackmagic design (camera phim trường, kèm ống kính stand), Model:Blackmagic Studio Camera 4K2, No:5241013 | E68: Singapore | F68: Cái | G68: 1 | H68: 71490000 | I68: KT | J68: Xuân | K68: Kho lầu 2 | M68: TRUE | N68: Còn
A69: 638.1 | C69: 302099907381005001 | D69: Ống kinh Stand Panasonic, Model:H-FS14140, No:XE8SA102730 | E69: Trung Quốc | F69: Cái | G69: 1 | H69: 20390000 | I69: KT | J69: Xuân | K69: Kho lầu 2 | M69: TRUE | N69: Còn
A70: 639 | B70: 43798 | C70: 302099907381006 | D70: Máy quay phim Blackmagic design (camera phim trường, kèm ống kinh Stand), Model:Blackmagic Studio Camera 4K2, No:5239920 | E70: Singapore | F70: Cái | G70: 1 | H70: 71490000 | I70: KT | J70: Xuân | K70: Kho lầu 2 | M70: TRUE | N70: Còn
A71: 639.1 | C71: 302099907381006001 | D71: Ống kinh Stand Panasonic, Model:H-FS14140, No:XE8SA102747 | E71: Trung Quốc | F71: Cái | G71: 1 | H71: 20390000 | I71: KT | J71: Xuân | K71: Kho lầu 2 | M71: TRUE | N71: Còn
A72: 640 | B72: 41044 | C72: 302099908269001 | D72: Video recorder Digital Future, Model:i-DDR-C2, No:71012 | E72: Việt Nam | F72: Bộ | G72: 1 | H72: 229000000 | I72: KT | J72: Xuân | K72: A2-Kho rack, đề nghị thanh lý | L72: chờ thanh lý | M72: TRUE | N72: Còn
A73: 640.1 | C73: 302099908269001001 | D73: Monitor LCD 18.5" Samsung, Model:B1930N, No:1458HYTB612372R | G73: 1 | H73: 0 | I73: KT | J73: Xuân | K73: A2-Control: rack, Màn hình xem webcam MCR cũ | M73: TRUE | N73: Còn
A74: 645 | B74: 39994 | C74: 302099909032001 | D74: Màn hình kiểm tra LCD 15" chấp nhận tín hiệu SDI, cho phép phát tín hiệu tiếng SDI, Model:LMD-152, No:2001429 | E74: Nhật | F74: Chiếc | G74: 1 | H74: 103874900 | I74: KT | J74: Xuân | K74: A2-kho: rack - đề nghị TL | M74: TRUE | N74: Còn
A75: 650 | B75: 42184 | C75: 302099909066001 | D75: Màn hình Wohler, Model:RM 2443W-2HD, No:13080073 | E75: Mỹ | F75: Bộ | G75: 1 | H75: 133099518 | I75: KT | J75: Xuân | K75: A2-Control, MH 4 ô | M75: TRUE | N75: Còn
A76: 673 | B76: 43343 | C76: 302099909094001 | D76: Màn hình giám sát 21" Sony - Monitor HD-SDI 21" kiểm tín hiệu video, Model:LMD-2110W, No:3300387 | E76: Trung Quốc | F76: Bộ | G76: 1 | H76: 33500000 | I76: KT | J76: Xuân | K76: F1 Màn hình chỉnh đèn | M76: TRUE | N76: Còn
A77: 674 | B77: 43343 | C77: 302099909094002 | D77: Màn hình giám sát 21" Sony - Monitor HD-SDI 21" kiểm tín hiệu video, Model:LMD-2110W, No:3300414 | E77: Trung Quốc | F77: Bộ | G77: 1 | H77: 33500000 | I77: KT | J77: Xuân | K77: A2-Control | M77: TRUE | N77: Còn
A78: 684 | B78: 36160 | C78: 30303009001 | D78: Bộ nguồn Eurorack 60 24x3 kw channels, Model:Eurorack 60, No:35498 | F78: Bộ | G78: 1 | H78: 80054700 | I78: KT | J78: Xuân | K78: A2 giữa | M78: TRUE | N78: Còn
A79: 684.1 | C79: 30303009001001 | D79: ADB Eurorack 60 digital , Model:Dimming system providing 24x3 | G79: 1 | I79: KT | J79: Xuân | K79: A2 giữa | M79: TRUE | N79: Còn
A80: 684.2 | C80: 30303009001002 | D80: Digital , Thysistor dimmers in a very , Model:compact wall mounting cabinet | G80: 1 | I80: KT | J80: Xuân | K80: A2 giữa | M80: TRUE | N80: Còn
A81: 684.3 | C81: 30303009001003 | D81: - Each cabinet providing 24x3 kw , Model:dimmer as specification MCB | G81: 1 | I81: KT | J81: Xuân | K81: A2 giữa | M81: TRUE | N81: Còn
A82: 688 | B82: 40948 | C82: 30411186001 | D82: Tivi full HD 46" Sony, Model:KDL-46EX520, No:2045668 | E82: Malaysia | F82: Cái | G82: 1 | H82: 75050674 | I82: KT | J82: Xuân | K82: A1-MC | M82: TRUE | N82: Còn
A83: 689 | B83: 40948 | C83: 30411186002 | D83: Tivi full HD 46" Sony, Model:KDL-46EX520, No:2045800 | E83: Malaysia | F83: Cái | G83: 1 | H83: 75050674 | I83: KT | J83: Xuân | K83: A2-MC | M83: TRUE | N83: Còn
A84: 698 | B84: 41500 | C84: 509074001 | D84: Bàn chuyên dụng EKORACK (kích thước 1600x1200x1245, đặt tại phim trường F), Model:EPC-C16-1212 | E84: Việt Nam | F84: Hệ thống | G84: 1 | H84: 50295000 | I84: KT | J84: Xuân | K84: A2-Control, bàn để mixer audio | M84: TRUE | N84: Còn
A85: 735 | B85: 43256 | C85: 70109110002 | D85: Phần mềm thiết kế phim trường ảo Brainstorm, Model:InfinitySet | E85: Tây Ban Nha | F85: Phần Mềm | G85: 1 | H85: 1007164447 | I85: KT | J85: Xuân | K85: A2 soft Infinit | M85: TRUE | N85: Còn
A86: 736 | B86: 43256 | C86: 70109111001 | D86: Phần mềm chuyển đổi định dạng Brainstorm, Model:InfinitySet - 3ds Max | E86: Tây Ban Nha | F86: Phần Mềm | G86: 1 | H86: 124836423 | I86: KT | J86: Xuân | K86: A2 soft Infinity | M86: TRUE | N86: Còn
A87: 769 | B87: 44515 | C87: 3010102371008 | D87: Bộ máy tính Digital Future (máy ghi phát file 2 kênh, không kèm màn hình), Model:i-DDR, No:160321C01 | E87: Việt Nam | F87: Bộ | G87: 1 | H87: 272000000 | I87: KT | J87: Xuân | K87: A2-R6: DDR2 | M87: TRUE | N87: Còn
A88: 389 | B88: 44916 | C88: 302099902933001 | D88: Bàn mixer Yamaha (trộn tín hiệu analog), Model:MGP32X, No:ECCP01111 | E88: Indonesia | F88: Cái | G88: 1 | H88: 45000000 | I88: KT | J88: Xuân | K88: A1 CONTROL: mixer chính | M88: TRUE | N88: Còn
A89: 632 | B89: 41274 | C89: 302099907300002 | D89: Máy quay phim vác vai Sony, Model:PMW-320, No:103445 | E89: Nhật | F89: Bộ | G89: 1 | H89: 475585133 | I89: KT | J89: Xuân | K89: A2-MC - cam 2 | M89: TRUE | N89: Còn
A90: 633 | B90: 41274 | C90: 302099907300003 | D90: Máy quay phim vác vai Sony, Model:PMW-320, No:103447 | E90: Nhật | F90: Bộ | G90: 1 | H90: 475585133 | I90: KT | J90: Xuân | K90: A2-MC - cam 1 | M90: TRUE | N90: Còn
A91: 634 | B91: 41274 | C91: 302099907300005 | D91: Máy quay phim vác vai Sony, Model:PMW-320, No:103384 | E91: Nhật | F91: Bộ | G91: 1 | H91: 475585133 | I91: KT | J91: Xuân | K91: A2-MC - cam 3 | M91: TRUE | N91: Còn
A92: 395 | B92: 45931 | C92: 302099902955002 | D92: Mixer âm thanh số: 32 bộ tiền khuếch đại micro; 25 bus kết hợp đồng bộ theo thời gian và theo pha; 32 kênh hai chiều ghi/phát lại; Màn hình hiển thị TFT 7" Midas, Model:M32 LIVE, No:S250700618C7R | E92: Trung Quốc | F92: Cái | H92: 82780000 | I92: KT | J92: Xuân | K92: A2: mixer chính Midas | L92: Mới | M92: TRUE | N92: Còn
H95: TP.HCM, ngày 01 tháng 04 năm 2026
I96: Ký nhận

Sheet CCDC_XUAN
D1: Đài Phát Thanh - Truyền Hình TPHCM
D2: Đơn vị: Trung tâm Phát hình - Tư liệi
E4: BIÊN BẢN BÀN GIAO QUẢN LÝ CÔNG CỤ DỤNG CỤ
E5: Chịu trách nhiệm chính: Lý Hàn | F5: Chịu trách nhiệm phụ: Bùi Việt Hưng
A7: STT | B7: Số chứng từ | C7: Ngày chứng từ | D7: Ký hiệu | E7: TÊN CCDC | F7: Serial | G7: Nước SX | H7: ĐVT | I7: SL | J7: Nguyên giá | K7: Giá trị ban đầu | L7: Giá trị còn lại trước phân bổ kỳ báocáo | M7: Tỷ lệ PB kỳ BC | N7: Giá trị phân bổ đến kỳ báo cáo | O7: Giá trị còn lại đến kỳ báocáo | P7: Nơi đặt để | Q7: Phòng | R7: Người quản lý | S7: Chỗ đặt | U7: STT ĐẾM MÓN | V7: CHECK TEXT | W7: So với file CCDC TC gởi
A8: 1 | B8: 40817 | C8: 40640 | D8: 3010102337034 | E8: Máy tính desktop Dell | F8: GX3372S | G8: Malaysia | H8: Bộ | I8: 1 | J8: 15582606 | K8: 8830146 | L8: 0 | M8: 0 | N8: 0 | O8: 0 | Q8: PH | R8: Khanh | S8: Củ Chi, chưa thanh lý màn hình | U8: 1 | V8: TRUE | W8: Còn
A9: 2 | B9: 41275 | C9: 41326 | D9: 3010102361034 | E9: Máy tính desktop Dell | F9: CX3VD2S | G9: Malaysia | H9: Bộ | I9: 1 | J9: 21510000 | K9: 20076000 | L9: 0 | M9: 0 | N9: 0 | O9: 0 | Q9: KT | R9: HA | S9: Đã thanh lý CPU, còn chi tiết màn hình trên tủ hồ sơ | U9: 2 | V9: TRUE | W9: Còn
A10: 3 | B10: 41275 | C10: 41326 | D10: 3010102361035 | E10: Máy tính desktop Dell | F10: 7W3VD2S | G10: Malaysia | H10: Bộ | I10: 1 | J10: 21510000 | K10: 20076000 | L10: 0 | M10: 0 | N10: 0 | O10: 0 | Q10: PH | R10: Khanh | S10: Củ Chi, Tài chính chưa trừ, thiếu MH??? | U10: 3 | V10: TRUE | W10: Còn
A11: 4 | B11: 41275 | C11: 41326 | D11: 3010102361036 | E11: Máy tính desktop Dell | F11: 2Y3VD2S | G11: Malaysia | H11: Bộ | I11: 1 | J11: 21510000 | K11: 20076000 | L11: 0 | M11: 0 | N11: 0 | O11: 0 | Q11: MCR | R11: Tâm | S11: PH - Sát vách kính | U11: 4 | V11: TRUE | W11: Còn
A12: 5 | B12: 41275 | C12: 41326 | D12: 3010102361037 | E12: Máy tính desktop Dell | F12: 1X3VD2S | G12: Malaysia | H12: Bộ | I12: 1 | J12: 21510000 | K12: 20076000 | L12: 0 | M12: 0 | N12: 0 | O12: 0 | Q12: MCR | R12: Tâm | S12: Bàn 2 | U12: 5 | V12: TRUE | W12: Còn
A13: 6 | B13: 41275 | C13: 41326 | D13: 3010102361038 | E13: Máy tính desktop Dell | F13: 2X3VD2S | G13: Malaysia | H13: Bộ | I13: 1 | J13: 21510000 | K13: 20076000 | L13: 0 | M13: 0 | N13: 0 | O13: 0 | Q13: KT | R13: QUAN | S13: CPU máy Quân | U13: 6 | V13: TRUE | W13: Còn
A14: 7 | B14: 41275 | C14: 41326 | D14: 3010102361039 | E14: Máy tính desktop Dell | F14: 6W3VD2S | G14: Malaysia | H14: Bộ | I14: 1 | J14: 21510000 | K14: 20076000 | L14: 0 | M14: 0 | N14: 0 | O14: 0 | Q14: MCR | R14: Tâm | S14: Linux (upload file) | U14: 7 | V14: TRUE | W14: Còn
A15: 8 | B15: 23/2011 | C15: 40743 | D15: 3010103057001 | E15: Máy tính xách tay Sony | F15: 275329777000158 | G15: Trung Quốc | H15: Cái | I15: 1 | J15: 29545455 | K15: 18219703 | L15: 0 | M15: 0 | N15: 0 | O15: 0 | Q15: GD | R15: Đình Lâm | S15: phòng sếp Lâm | U15: 8 | V15: TRUE | W15: Còn
A16: 9 | B16: 03Da01 | C16: 36892 | D16: 3010104056007 | E16: Monitor 10" PVM- 9045QM | F16: 2003009 | H16: Cái | I16: 1 | J16: 14614587 | K16: 0 | L16: 0 | M16: 0 | N16: 0 | O16: 0 | Q16: KT | R16: Xuân | S16: A2 CONTROL | U16: 9 | V16: TRUE | W16: Còn
A17: 10 | B17: 05DA97 | C17: 36161 | D17: 3010104072005 | E17: Monitor 14" | F17: BF-5439 | I17: 1 | J17: 19480338 | K17: 0 | L17: 0 | M17: 0 | N17: 0 | O17: 0 | Q17: KT | R17: TL | S17: Củ Chi | T17: KT CQ thanh lý | U17: 10 | V17: TRUE | W17: Đã thanh lý/chuyển
A18: 11 | B18: 03Da04 | C18: 37987 | D18: 3010104093009 | E18: Monitor kiểm tra - 14" Color TV set | F18: 517952 | I18: 1 | J18: 3705220 | K18: 0 | L18: 0 | M18: 0 | N18: 0 | O18: 0 | P18: Điều chuyển từ QLKT 09/6/2015 | Q18: MCR | R18: Tâm | S18: PĐ1 | U18: 11 | V18: TRUE | W18: Còn
A19: 12 | B19: 28/2007 | C19: 38717 | D19: 3010104107002 | E19: Monitor LCD Display Viewsonic 17" | F19: A330 447 554 65 | I19: 1 | J19: 7042513 | K19: 0 | L19: 0 | M19: 0 | N19: 0 | O19: 0 | Q19: MCR | R19: Thi | S19: MCR | U19: 12 | V19: TRUE | W19: Còn
A20: 13 | B20: 169 | C20: 38625 | D20: 3010104113001 | E20: Monitor sony 14"( Hệ thống INEW) | F20: 2006440 | I20: 1 | J20: 21712829 | K20: 0 | L20: 0 | M20: 0 | N20: 0 | O20: 0 | P20: Điều chuyển từ QLKT 09/6/2015 | Q20: MCR | R20: Tâm | S20: Hư - Kho | U20: 13 | V20: TRUE | W20: Đã thanh lý/chuyển
A21: 14 | B21: 210 | C21: 39080 | D21: 3010104154002 | E21: Monitor LCD Viewsonic 19" | F21: QALI064524218 | I21: 1 | J21: 5060000 | K21: 0 | L21: 0 | M21: 0 | N21: 0 | O21: 0 | Q21: PH | R21: Khanh | S21: Kho lầu 2 | U21: 14 | V21: TRUE | W21: Còn
A22: 15 | B22: 211 | C22: 39080 | D22: 3010104154003 | E22: Monitor LCD Viewsonic 19" | F22: QALI064524219 | I22: 1 | J22: 5060000 | K22: 0 | L22: 0 | M22: 0 | N22: 0 | O22: 0 | Q22: PH | R22: Khanh | S22: Kho lầu 2 | U22: 15 | V22: TRUE | W22: Còn
A23: 16 | B23: 174 | C23: 39080 | D23: 3010104157001 | E23: Clour LCD monitor 17 inch | F23: PPJ062950020 | I23: 1 | J23: 4914054 | K23: 0 | L23: 0 | M23: 0 | N23: 0 | O23: 0 | Q23: PH | R23: Khanh | S23: Kho lầu 2 | U23: 16 | V23: TRUE | W23: Còn
A24: 17 | B24: 38 | C24: 39283 | D24: 3010104166001 | E24: Monitor Samsung LCD 32" | F24: 09923YHP500013J | H24: Cái | I24: 1 | J24: 15600000 | K24: 0 | L24: 0 | M24: 0 | N24: 0 | O24: 0 | P24: VPĐD HTV tại HN điều chuyển | Q24: KT | R24: TL | S24: Củ Chi | T24: KT Thanh thanh lý | U24: 17 | V24: TRUE | W24: Đã thanh lý/chuyển
A25: 18 | B25: 28/2007 | C25: 38717 | D25: 3010104167005 | E25: Màn hình kiểm tra 15" + board SDI | F25: 16905810 | G25: Thái Lan | H25: Cái | I25: 1 | J25: 13266876 | K25: 0 | L25: 0 | M25: 0 | N25: 0 | O25: 0 | Q25: KT | R25: TL | S25: Củ Chi | T25: KT CQ thanh lý | U25: 18 | V25: TRUE | W25: Đã thanh lý/chuyển
A26: 19 | B26: 28/2007 | C26: 38717 | D26: 3010104168001 | E26: 15" LCD Monitor | F26: P5 HO 44101380 | G26: Trung Quốc | H26: Cái | I26: 1 | J26: 2069440 | K26: 0 | L26: 0 | M26: 0 | N26: 0 | O26: 0 | Q26: PH | R26: Khanh | S26: kho PH lầu 2 đã hư | U26: 19 | V26: TRUE | W26: Còn
A27: 20 | B27: 28/2007 | C27: 38717 | D27: 3010104168002 | E27: 15" LCD Monitor | F27: P5 HO 44101960 | G27: Trung Quốc | H27: Cái | I27: 1 | J27: 2069440 | K27: 0 | L27: 0 | M27: 0 | N27: 0 | O27: 0 | Q27: PH | R27: Khanh | S27: Kho lầu 2 | U27: 20 | V27: TRUE | W27: Còn
A28: 21 | B28: 28/2007 | C28: 38717 | D28: 3010104168003 | E28: 15" LCD Monitor | F28: P5 HO 44101477 | G28: Trung Quốc | H28: Cái | I28: 1 | J28: 2069440 | K28: 0 | L28: 0 | M28: 0 | N28: 0 | O28: 0 | Q28: PH | R28: Khanh | S28: Kho lầu 2 | U28: 21 | V28: TRUE | W28: Còn
A29: 22 | B29: 28/2007 | C29: 38717 | D29: 3010104168004 | E29: 15" LCD Monitor | F29: P5 HO 44101958 | G29: Trung Quốc | H29: Cái | I29: 1 | J29: 2069440 | K29: 0 | L29: 0 | M29: 0 | N29: 0 | O29: 0 | Q29: PH | R29: Khanh | S29: Kho lầu 2 | U29: 22 | V29: TRUE | W29: Còn
A30: 23 | B30: 235 | C30: 38681 | D30: 3010104170002 | E30: Monitor 14" | F30: 2112348 | I30: 1 | J30: 20820034 | K30: 0 | L30: 0 | M30: 0 | N30: 0 | O30: 0 | Q30: MCR | R30: Tâm | S30: Kho | U30: 23 | V30: TRUE | W30: Đã thanh lý/chuyển
A31: 24 | B31: 03Da01 | C31: 36892 | D31: 3010104181001 | E31: Video monitor 14" | F31: 6013072 | I31: 1 | J31: 7004677 | K31: 0 | L31: 0 | M31: 0 | N31: 0 | O31: 0 | P31: Điều chuyển từ QLKT 09/6/2015 | Q31: MCR | R31: Tâm | S31: Sát tường - dùng kiểm file | U31: 24 | V31: TRUE | W31: Đã thanh lý/chuyển
A32: 25 | B32: 03Da01 | C32: 36892 | D32: 3010104181003 | E32: Video monitor 14" | F32: 6013078 | I32: 1 | J32: 7004677 | K32: 0 | L32: 0 | M32: 0 | N32: 0 | O32: 0 | P32: Điều chuyển từ QLKT 09/6/2015 | Q32: MCR | R32: Tâm | S32: Kho | U32: 25 | V32: TRUE | W32: Đã thanh lý/chuyển
A33: 26 | B33: 34/2009 | C33: 40072 | D33: 3010104187001 | E33: Màn hình vi tính LCD 17" Samsung | F33: YM17HYTS900772T | G33: Việt Nam | H33: Cái | I33: 1 | J33: 2427000 | K33: 606750 | L33: 0 | M33: 0 | N33: 0 | O33: 0 | Q33: PH | R33: Khanh | S33: Kho lầu 2 | U33: 26 | V33: TRUE | W33: Còn
A34: 27 | B34: 15/2011 | C34: 40702 | D34: 3010104195001 | E34: Màn hình LCD 20" Samsung | F34: LR20HYTZ800542L | G34: Việt Nam | H34: Cái | I34: 1 | J34: 3928717 | K34: 2357221 | L34: 0 | M34: 0 | N34: 0 | O34: 0 | Q34: KT | R34: HAN | S34: P.HTKT màn hình hư, nóc tủ hồ sơ | U34: 27 | V34: TRUE | W34: Còn
A35: 28 | B35: 15/2011 | C35: 40702 | D35: 3010104195002 | E35: Màn hình LCD 20" Samsung | F35: LR20HYTZ800503R | G35: Việt Nam | H35: Cái | I35: 1 | J35: 3928717 | K35: 2357221 | L35: 0 | M35: 0 | N35: 0 | O35: 0 | Q35: MCR | R35: Tâm | S35: MCR | U35: 28 | V35: TRUE | W35: Còn
A36: 29 | B36: 15/2011 | C36: 40702 | D36: 3010104195003 | E36: Màn hình LCD 20" Samsung | F36: LR20HYTZ800396H | G36: Việt Nam | H36: Cái | I36: 1 | J36: 3928717 | K36: 2357221 | L36: 0 | M36: 0 | N36: 0 | O36: 0 | Q36: KT | R36: TL | S36: Củ Chi | T36: Hàn thanh lý | U36: 29 | V36: TRUE | W36: Đã thanh lý/chuyển
A37: 30 | B37: 15/2011 | C37: 40702 | D37: 3010104195004 | E37: Màn hình LCD 20" Samsung | F37: LR20HYTZ800529R | G37: Việt Nam | H37: Cái | I37: 1 | J37: 3928717 | K37: 2357221 | L37: 0 | M37: 0 | N37: 0 | O37: 0 | Q37: PH | R37: Khanh | S37: Kho lầu 2 | U37: 30 | V37: TRUE | W37: Còn
A38: 31 | B38: 15/2011 | C38: 40702 | D38: 3010104195005 | E38: Màn hình LCD 20" Samsung | F38: LR20HYTZ800383H | G38: Việt Nam | H38: Cái | I38: 1 | J38: 3928717 | K38: 2357221 | L38: 0 | M38: 0 | N38: 0 | O38: 0 | Q38: KT | R38: TL | S38: Củ Chi | T38: Hàn thanh lý | U38: 31 | V38: TRUE | W38: Đã thanh lý/chuyển
A39: 32 | B39: 15/2011 | C39: 40702 | D39: 3010104195006 | E39: Màn hình LCD 20" Samsung | F39: LR20HYTZ800029X | G39: Việt Nam | H39: Cái | I39: 1 | J39: 3928717 | K39: 2357221 | L39: 0 | M39: 0 | N39: 0 | O39: 0 | Q39: KT | R39: TL | S39: Củ Chi | T39: Hàn thanh lý | U39: 32 | V39: TRUE | W39: Đã thanh lý/chuyển
A40: 33 | B40: 15/2011 | C40: 40702 | D40: 3010104195007 | E40: Màn hình LCD 20" Samsung | F40: LR20HYTZ500463P | G40: Việt Nam | H40: Cái | I40: 1 | J40: 3928717 | K40: 2357221 | L40: 0 | M40: 0 | N40: 0 | O40: 0 | Q40: KT | R40: HAN | S40: P.HTKT nóc tủ hồ sơ, trong thùng | U40: 33 | V40: TRUE | W40: Còn
A41: 34 | B41: 41518 | C41: 41386 | D41: 3010104201001 | E41: Màn hình LCD 24" Asus | F41: B5LMTF064240 | G41: Trung Quốc | H41: Cái | I41: 1 | J41: 5390909 | K41: 5211213 | L41: 0 | M41: 0 | N41: 0 | O41: 0 | Q41: KT | R41: HAN | S41: bàn HA | U41: 34 | V41: TRUE | W41: Còn
A42: 35 | B42: 0024XCC/AR/DV09/2016 | C42: 42731 | D42: 30101050122027 | E42: Bộ kéo dài chuột bàn phím Aten (CE700A) | F42: F3FAO57D70524 | H42: Bộ | I42: 1 | J42: 7074438 | K42: 7074438 | L42: 0 | M42: 0 | N42: 0 | O42: 0 | Q42: PH | R42: Lam | S42: KHO | U42: 35 | V42: TRUE | W42: Còn
A43: 36 | B43: 0024XCC/AR/DV09/2016 | C43: 42731 | D43: 30101050122028 | E43: Bộ kéo dài chuột bàn phím Aten (CE700A) | F43: F3FAO57D70521 | H43: Bộ | I43: 1 | J43: 7074438 | K43: 7074438 | L43: 0 | M43: 0 | N43: 0 | O43: 0 | Q43: PH | R43: Lam | S43: KHO | U43: 36 | V43: TRUE | W43: Còn
A44: 37 | B44: 0024XCC/AR/DV09/2016 | C44: 42731 | D44: 30101050122029 | E44: Bộ kéo dài chuột bàn phím Aten (CE700A) | F44: F3FAO57D70525 | H44: Bộ | I44: 1 | J44: 7074438 | K44: 7074438 | L44: 0 | M44: 0 | N44: 0 | O44: 0 | Q44: PH | R44: Lam | S44: KHO | U44: 37 | V44: TRUE | W44: Còn
A45: 38 | B45: 0024XCC/AR/DV09/2016 | C45: 42731 | D45: 30101050122030 | E45: Bộ kéo dài chuột bàn phím Aten (CE700A) | F45: F3FAO57D70523 | H45: Bộ | I45: 1 | J45: 7074438 | K45: 7074438 | L45: 0 | M45: 0 | N45: 0 | O45: 0 | Q45: PH | R45: Lam | S45: KHO | U45: 38 | V45: TRUE | W45: Còn
A46: 39 | B46: 0024XCC/AR/DV09/2016 | C46: 42731 | D46: 30101050122031 | E46: Bộ kéo dài chuột bàn phím Aten (CE700A) | F46: F3FAO57D70522 | H46: Bộ | I46: 1 | J46: 7074438 | K46: 7074438 | L46: 0 | M46: 0 | N46: 0 | O46: 0 | Q46: PH | R46: Lam | S46: KHO | U46: 39 | V46: TRUE | W46: Còn
A47: 40 | B47: 0024XCC/AR/DV09/2016 | C47: 42731 | D47: 30101050122032 | E47: Bộ kéo dài chuột bàn phím Aten (CE700A) | F47: F3FAO57D70582 | H47: Bộ | I47: 1 | J47: 7074438 | K47: 7074438 | L47: 0 | M47: 0 | N47: 0 | O47: 0 | Q47: PH | R47: Lam | S47: KHO | U47: 40 | V47: TRUE | W47: Còn
A48: 41 | B48: 0024XCC/AR/DV09/2016 | C48: 42731 | D48: 30101050122033 | E48: Bộ kéo dài chuột bàn phím Aten (CE700A) | F48: F3FAO57D70581 | H48: Bộ | I48: 1 | J48: 7074438 | K48: 7074438 | L48: 0 | M48: 0 | N48: 0 | O48: 0 | Q48: PH | R48: Lam | S48: KHO | U48: 41 | V48: TRUE | W48: Còn
A49: 42 | B49: 0024XCC/AR/DV09/2016 | C49: 42731 | D49: 30101050122034 | E49: Bộ kéo dài chuột bàn phím Aten (CE700A) | F49: F3FAO57D70583 | H49: Bộ | I49: 1 | J49: 7074438 | K49: 7074438 | L49: 0 | M49: 0 | N49: 0 | O49: 0 | Q49: PH | R49: Lam | S49: KHO | U49: 42 | V49: TRUE | W49: Còn
A50: 43 | B50: 0024XCC/AR/DV09/2016 | C50: 42731 | D50: 30101050122035 | E50: Bộ kéo dài chuột bàn phím Aten (CE700A) | F50: F3FAO57D70584 | H50: Bộ | I50: 1 | J50: 7074438 | K50: 7074438 | L50: 0 | M50: 0 | N50: 0 | O50: 0 | Q50: PH | R50: Lam | S50: KHO | U50: 43 | V50: TRUE | W50: Còn
A51: 44 | B51: 0024XCC/AR/DV09/2016 | C51: 42731 | D51: 30101050122036 | E51: Bộ kéo dài chuột bàn phím Aten (CE700A) | F51: F3FAO57D70585 | H51: Bộ | I51: 1 | J51: 7074438 | K51: 7074438 | L51: 0 | M51: 0 | N51: 0 | O51: 0 | Q51: PH | R51: Lam | S51: KHO | U51: 44 | V51: TRUE | W51: Còn
A52: 45 | B52: 0028XCC/AR/DV09/2016 | C52: 42731 | D52: 30101050122037 | E52: Bộ kéo dài chuột bàn phím Aten (CE700AL/ CE700AR) | F52: K3G6-003-0386 | H52: Bộ | I52: 1 | J52: 10000000 | K52: 10000000 | L52: 0 | M52: 0 | N52: 0 | O52: 0 | Q52: MCR | R52: Tâm | S52: MCR Main FBNC | U52: 45 | V52: TRUE | W52: Còn
A53: 46 | B53: 0028XCC/AR/DV09/2016 | C53: 42731 | D53: 30101050122038 | E53: Bộ kéo dài chuột bàn phím Aten (CE700AL/ CE700AR) | F53: K3G6-003-0387 | H53: Bộ | I53: 1 | J53: 10000000 | K53: 10000000 | L53: 0 | M53: 0 | N53: 0 | O53: 0 | Q53: MCR | R53: Tâm | S53: Rack 2-MCR - Monitor các máy backup | U53: 46 | V53: TRUE | W53: Còn
... A61: 54 | B61: 0028XCC/AR/DV09/2016 | C61: 42731 | D61: 30101050122046 | E61: Bộ kéo dài chuột bàn phím Aten (CE700AL/ CE700AR) | F61: K3G6-003-0490 | H61: Bộ | I61: 1 | J61: 10000000 | K61: 10000000 | L61: 0 | M61: 0 | N61: 0 | O61: 0 | Q61: MCR | R61: Tâm | S61: Rack 1-MCR - HTV2 | U61: 54 | V61: TRUE | W61: Còn
A62: 55 | B62: 58/2009 | C62: 40074 | D62: 3010106005001 | E62: Máy vi tính (Main Gigabyte chipset intel, Ram 2GB, CPU Core 2 Dual, HDD 160GB, Case 4U, Power Cooler Master 550W, DVD RW, Card AVER) | H62: Cái | I62: 1 | J62: 16764900 | K62: 4750055 | L62: 0 | M62: 0 | N62: 0 | O62: 0 | P62: QLKT điều chuyển | Q62: MCR | R62: Chí | S62: Kho lầu 2 | U62: 55 | V62: TRUE | W62: Đã thanh lý/chuyển
A63: 56 | B63: 58/2009 | C63: 40074 | D63: 3010106005002 | E63: Máy vi tính (Main Gigabyte chipset intel, Ram 2GB, CPU Core 2 Dual, HDD 160GB, Case 4U, Power Cooler Master 550W, DVD RW, Card AVER) | H63: Cái | I63: 1 | J63: 16764900 | K63: 4750055 | L63: 0 | M63: 0 | N63: 0 | O63: 0 | P63: QLKT điều chuyển | Q63: MCR | R63: Chí | S63: Kho lầu 2 | U63: 56 | V63: TRUE | W63: Đã thanh lý/chuyển
A64: 57 | B64: 58/2009 | C64: 40074 | D64: 3010106005003 | E64: Máy vi tính (Main Gigabyte chipset intel, Ram 2GB, CPU Core 2 Dual, HDD 160GB, Case 4U, Power Cooler Master 550W, DVD RW, Card AVER) | H64: Cái | I64: 1 | J64: 16764900 | K64: 4750055 | L64: 0 | M64: 0 | N64: 0 | O64: 0 | P64: QLKT điều chuyển | Q64: MCR | R64: Chí | S64: Check playlist cũ MCR | U64: 57 | V64: TRUE | W64: Đã thanh lý/chuyển
A65: 58 | B65: 58/2009 | C65: 40074 | D65: 3010106005004 | E65: Máy vi tính (Main Gigabyte chipset intel, Ram 2GB, CPU Core 2 Dual, HDD 160GB, Case 4U, Power Cooler Master 550W, DVD RW, Card AVER) | H65: Cái | I65: 1 | J65: 16764900 | K65: 4750055 | L65: 0 | M65: 0 | N65: 0 | O65: 0 | P65: QLKT điều chuyển | Q65: MCR | R65: Chí | S65: PD3 | U65: 58 | V65: TRUE | W65: Đã thanh lý/chuyển
A66: 59 | B66: 41518 | C66: 41386 | D66: 3010106013001 | E66: Bộ máy vi tính Cooler Master | H66: Cái | I66: 1 | J66: 19536363 | K66: 18885151 | L66: 0 | M66: 0 | N66: 0 | O66: 0 | Q66: MCR | R66: Chí | S66: MCR control | U66: 59 | V66: TRUE | W66: Còn
A67: 60 | B67: 41518 | C67: 41386 | D67: 3010106013002 | E67: Bộ máy vi tính Cooler Master | H67: Cái | I67: 1 | J67: 24777270 | K67: 23951360 | L67: 0 | M67: 0 | N67: 0 | O67: 0 | Q67: KT | R67: Xuân | S67: CQ mang theo khi qua phòng Tư liệu | U67: 60 | V67: TRUE | W67: Còn
A68: 61 | B68: 17/2009 | C68: 39952 | D68: 3010202004002 | E68: Network switch Linksys 1 Gbps 16 port | F68: RID20H700047 | G68: Trung Quốc | H68: Cái | I68: 1 | J68: 11955457 | K68: 2391080 | L68: 0 | M68: 0 | N68: 0 | O68: 0 | P68: Điều chuyển từ QLKT 09/6/2015 | Q68: MCR | R68: Chí | S68: MCR control | U68: 61 | V68: TRUE | W68: Còn
A69: 62 | B69: 70/2012 | C69: 41274 | D69: 3010202019001 | E69: SWITCH 24 PORTCisco | F69: PSG154601NZ | G69: Trung Quốc | H69: Bộ | I69: 1 | J69: 5500000 | K69: 4949998 | L69: 0 | M69: 0 | N69: 0 | O69: 0 | Q69: KT | R69: Xuân | S69: MCR cũ, sw cam quan sát | U69: 62 | V69: TRUE | W69: Còn
A70: 63 | B70: 70/2012 | C70: 41274 | D70: 3010202020001 | E70: SWITCH 16 PORTCisco | F70: PSJ1608008T | G70: Trung Quốc | H70: Bộ | I70: 1 | J70: 4000000 | K70: 3599998 | L70: 0 | M70: 0 | N70: 0 | O70: 0 | Q70: KT | R70: Xuân | S70: A1-Control góc trên trần nhà | U70: 63 | V70: TRUE | W70: Còn
A71: 64 | B71: 70/2012 | C71: 41274 | D71: 3010202020002 | E71: SWITCH 16 PORTCisco | F71: PSJ1608008Q | G71: Trung Quốc | H71: Bộ | I71: 1 | J71: 4000000 | K71: 3599998 | L71: 0 | M71: 0 | N71: 0 | O71: 0 | Q71: KT | R71: Xuân | S71: A2-Control góc trên trần nhà, sw webcam | U71: 64 | V71: TRUE | W71: Còn
A72: 65 | B72: 94/2008 | C72: 39793 | D72: 3010208007001 | E72: Điều khiển cho thiết bị chuyển mạch 16x4 Harris | F72: LHTI0426371015 | G72: Canada | H72: Cái | I72: 1 | J72: 21249822 | K72: 2124974 | L72: 0 | M72: 0 | N72: 0 | O72: 0 | P72: QLKT điều chuyển | Q72: MCR | R72: Chí | S72: Phòng máy MCR | T72: P | U72: 65 | V72: TRUE | W72: Đã thanh lý/chuyển
A73: 66 | B73: 94/2008 | C73: 39793 | D73: 3010208007002 | E73: Điều khiển cho thiết bị chuyển mạch 16x4 Harris | F73: LHTI0426371011 | G73: Canada | H73: Cái | I73: 1 | J73: 21249822 | K73: 2124974 | L73: 0 | M73: 0 | N73: 0 | O73: 0 | P73: QLKT điều chuyển | Q73: MCR | R73: Chí | S73: Phòng máy MCR | U73: 66 | V73: TRUE | W73: Đã thanh lý/chuyển
A74: 67 | B74: 94/2008 | C74: 39793 | D74: 3010208007003 | E74: Điều khiển cho thiết bị chuyển mạch 16x4 Harris | F74: LHTI0426371018 | G74: Canada | H74: Cái | I74: 1 | J74: 21249822 | K74: 2124974 | L74: 0 | M74: 0 | N74: 0 | O74: 0 | P74: QLKT điều chuyển | Q74: MCR | R74: Chí | S74: Phòng máy MCR | U74: 67 | V74: TRUE | W74: Đã thanh lý/chuyển
A75: 68 | B75: 94/2008 | C75: 39793 | D75: 3010208007004 | E75: Điều khiển cho thiết bị chuyển mạch 16x4 Harris | F75: LHTI0426371002 | G75: Canada | H75: Cái | I75: 1 | J75: 21249822 | K75: 2124974 | L75: 0 | M75: 0 | N75: 0 | O75: 0 | P75: QLKT điều chuyển | Q75: MCR | R75: Chí | S75: Phòng máy MCR | U75: 68 | V75: TRUE | W75: Đã thanh lý/chuyển
A76: 69 | B76: 220 | C76: 37958 | D76: 3010401008002 | E76: Máy in Laser HP | F76: CNCJY 42768 | I76: 1 | J76: 8714236 | K76: 0 | L76: 0 | M76: 0 | N76: 0 | O76: 0 | Q76: PH | R76: Khanh | S76: Kho Lầu 2 | U76: 69 | V76: TRUE | W76: Đã thanh lý/chuyển
A77: 70 | B77: 72 | C77: 38118 | D77: 3010401017011 | E77: Máy in Laser HP 1300 | F77: SGCB030356 | I77: 1 | J77: 5500000 | K77: 0 | L77: 0 | M77: 0 | N77: 0 | O77: 0 | Q77: KT | R77: TL | S77: Củ Chi | T77: Hàn thanh lý | U77: 70 | V77: TRUE | W77: Đã thanh lý/chuyển
A78: 71 | B78: 39569 | C78: 39507 | D78: 3010401037004 | E78: Máy in Laserjet HP1020 | F78: CNC2F58885 | G78: Trung Quốc | H78: Cái | I78: 1 | J78: 2360000 | K78: 39343 | L78: 0 | M78: 0 | N78: 0 | O78: 0 | Q78: PH | R78: Thương | S78: TTDV in, K9 | U78: 71 | V78: TRUE | W78: Còn
A79: 72 | B79: 40756 | C79: 40638 | D79: 3010401052005 | E79: Máy in Laser HP | F79: CNC2Y05969 | G79: Trung Quốc | H79: Cái | I79: 1 | J79: 7870000 | K79: 4459658 | L79: 0 | M79: 0 | N79: 0 | O79: 0 | Q79: PGD | R79: Hoàng Long | S79: phòng HL | U79: 72 | V79: TRUE | W79: Còn
A80: 73 | B80: 40756 | C80: 40638 | D80: 3010401052006 | E80: Máy in Laser HP | F80: CNC2Y06014 | G80: Trung Quốc | H80: Cái | I80: 1 | J80: 7870000 | K80: 4459658 | L80: 0 | M80: 0 | N80: 0 | O80: 0 | Q80: MCR | R80: Chí | S80: Máy in Sattech | U80: 73 | V80: TRUE | W80: Còn
A81: 74 | B81: 25/2013 | C81: 41509 | D81: 3010401054014 | E81: Máy in HP Laserjet | F81: VNC3D42359 | G81: Việt Nam | H81: Cái | I81: 1 | J81: 8920000 | K81: 8920000 | L81: 0 | M81: 0 | N81: 0 | O81: 0 | Q81: KT | R81: Xuân | S81: pHTKT bàn HA | U81: 74 | V81: TRUE | W81: Còn
A82: 75 | B82: 25/2013 | C82: 41509 | D82: 3010401054015 | E82: Máy in HP Laserjet | F82: VNC3D43449 | G82: Việt Nam | H82: Cái | I82: 1 | J82: 8920000 | K82: 8920000 | L82: 0 | M82: 0 | N82: 0 | O82: 0 | Q82: MS | R82: Sương | S82: Sương | U82: 75 | V82: TRUE | W82: Còn
A83: 76 | B83: 40756 | C83: 40638 | D83: 3010501016002 | E83: Máy Scanjet HP 5590 | F83: CN0AKVH0VZ | G83: Malaysia | H83: Cái | I83: 1 | J83: 8970000 | K83: 5083000 | L83: 0 | M83: 0 | N83: 0 | O83: 0 | Q83: GD | R83: Đình Lâm | S83: sếp Lâm | U83: 76 | V83: TRUE | W83: Còn
A84: 77 | B84: 03 DA/2011 | C84: 40724 | D84: 3010502060001 | E84: Rack 19” | G84: Việt Nam | H84: Bộ | I84: 1 | J84: 15992119 | K84: 7996066 | L84: 0 | M84: 0 | N84: 0 | O84: 0 | Q84: PH | R84: Thương | S84: Pmáy. Cũ | U84: 77 | V84: TRUE | W84: Còn
A85: 78 | B85: 03 DA/2011 | C85: 40724 | D85: 3010502060002 | E85: Rack 19” | G85: Việt Nam | H85: Bộ | I85: 1 | J85: 15992119 | K85: 7996066 | L85: 0 | M85: 0 | N85: 0 | O85: 0 | Q85: PH | R85: Thương | S85: Pmáy. Cũ | U85: 78 | V85: TRUE | W85: Còn
A86: 79 | B86: 03 DA/2011 | C86: 40724 | D86: 3010502060003 | E86: Rack 19” | G86: Việt Nam | H86: Bộ | I86: 1 | J86: 15992119 | K86: 7996066 | L86: 0 | M86: 0 | N86: 0 | O86: 0 | Q86: PH | R86: Thương | S86: Pmáy. Cũ | U86: 79 | V86: TRUE | W86: Còn
A87: 80 | B87: 03 DA/2011 | C87: 40724 | D87: 3010502060004 | E87: Rack 19” | G87: Việt Nam | H87: Bộ | I87: 1 | J87: 15992119 | K87: 7996066 | L87: 0 | M87: 0 | N87: 0 | O87: 0 | Q87: PH | R87: Thương | S87: Pmáy. Cũ | U87: 80 | V87: TRUE | W87: Còn
A88: 81 | B88: 03 DA/2011 | C88: 40724 | D88: 3010502060005 | E88: Rack 19” | G88: Việt Nam | H88: Bộ | I88: 1 | J88: 15992119 | K88: 7996066 | L88: 0 | M88: 0 | N88: 0 | O88: 0 | Q88: PH | R88: Thương | S88: Pmáy. Cũ | U88: 81 | V88: TRUE | W88: Còn
A89: 82 | B89: 03 DA/2011 | C89: 40724 | D89: 3010502060006 | E89: Rack 19” | G89: Việt Nam | H89: Bộ | I89: 1 | J89: 15992119 | K89: 7996066 | L89: 0 | M89: 0 | N89: 0 | O89: 0 | Q89: PH | R89: Thương | S89: Pmáy. Cũ | U89: 82 | V89: TRUE | W89: Còn
A90: 83 | B90: 03 DA/2011 | C90: 40724 | D90: 3010502060007 | E90: Rack 19” | G90: Việt Nam | H90: Bộ | I90: 1 | J90: 15992119 | K90: 7996066 | L90: 0 | M90: 0 | N90: 0 | O90: 0 | Q90: PH | R90: Thương | S90: Pmáy. Cũ | U90: 83 | V90: TRUE | W90: Còn
A91: 84 | B91: 03 DA/2011 | C91: 40724 | D91: 3010502060008 | E91: Rack 19” | G91: Việt Nam | H91: Bộ | I91: 1 | J91: 15992119 | K91: 7996066 | L91: 0 | M91: 0 | N91: 0 | O91: 0 | Q91: PH | R91: Thương | S91: Pmáy. Cũ | U91: 84 | V91: TRUE | W91: Còn
A92: 85 | B92: 70/2012 | C92: 41274 | D92: 3020303015001 | E92: CAMERA QUAN SÁT IP ACTi | F92: 11JE00386 | G92: Đài Loan | H92: Bộ | I92: 1 | J92: 9802223 | K92: 8822003 | L92: 0 | M92: 0 | N92: 0 | O92: 0 | Q92: KT | R92: Xuân | S92: A1 CONTROL | T92: F1 CONTROL | U92: 85 | V92: TRUE | W92: Còn
A93: 86 | B93: 70/2012 | C93: 41274 | D93: 3020303015002 | E93: CAMERA QUAN SÁT IP ACTi | F93: 11JE00387 | G93: Đài Loan | H93: Bộ | I93: 1 | J93: 9802223 | K93: 8822003 | L93: 0 | M93: 0 | N93: 0 | O93: 0 | Q93: KT | R93: Xuân | S93: F1 CONTROL | T93: A1 CONTROL | U93: 86 | V93: TRUE | W93: Còn
A94: 87 | B94: 70/2012 | C94: 41274 | D94: 3020303016001 | E94: CAMERA QUAN SÁT IP DẠNG BÁN CẦU-NHIỀU TIÊU CỰ-ACTi | F94: 11HX01190 | G94: Đài Loan | H94: Bộ | I94: 1 | J94: 17356320 | K94: 15620688 | L94: 0 | M94: 0 | N94: 0 | O94: 0 | Q94: KT | R94: TL | S94: Củ Chi | U94: 87 | V94: TRUE | W94: Đã thanh lý/chuyển
A95: 88 | B95: 70/2012 | C95: 41274 | D95: 3020303016002 | E95: CAMERA QUAN SÁT IP DẠNG BÁN CẦU-NHIỀU TIÊU CỰ-ACTi | F95: 11HX01191 | G95: Đài Loan | H95: Bộ | I95: 1 | J95: 17356320 | K95: 15620688 | L95: 0 | M95: 0 | N95: 0 | O95: 0 | Q95: KT | R95: Xuân | S95: A2 PHÒNG HIỆN | T95: A1P.HIEN NGOAI CUA | U95: 88 | V95: TRUE | W95: Còn
A96: 89 | B96: 70/2012 | C96: 41274 | D96: 3020303016003 | E96: CAMERA QUAN SÁT IP DẠNG BÁN CẦU-NHIỀU TIÊU CỰ-ACTi | F96: 11HX01192 | G96: Đài Loan | H96: Bộ | I96: 1 | J96: 17356320 | K96: 15620688 | L96: 0 | M96: 0 | N96: 0 | O96: 0 | Q96: KT | R96: Xuân | S96: A1 RACK | T96: A2 PHÒNG HIEN CHỖ SAT VACH | U96: 89 | V96: TRUE | W96: Còn
A97: 90 | B97: 70/2012 | C97: 41274 | D97: 3020303016004 | E97: CAMERA QUAN SÁT IP DẠNG BÁN CẦU-NHIỀU TIÊU CỰ-ACTi | F97: 11HX01193 | G97: Đài Loan | H97: Bộ | I97: 1 | J97: 17356320 | K97: 15620688 | L97: 0 | M97: 0 | N97: 0 | O97: 0 | Q97: KT | R97: TL | S97: Củ Chi | U97: 90 | V97: TRUE | W97: Đã thanh lý/chuyển
A98: 91 | B98: 70/2012 | C98: 41274 | D98: 3020303017001 | E98: CAMERA QUAN SÁT IP DẠNG BÁN CẦU TIÊU CỰ CỐ ĐỊNH-ACTi | F98: 11EE00081 | G98: Đài Loan | H98: Bộ | I98: 1 | J98: 12753042 | K98: 11477736 | L98: 0 | M98: 0 | N98: 0 | O98: 0 | Q98: KT | R98: Xuân | S98: A2 KHO | U98: 91 | V98: TRUE | W98: Còn
A99: 92 | B99: 70/2012 | C99: 41274 | D99: 3020303017002 | E99: CAMERA QUAN SÁT IP DẠNG BÁN CẦU TIÊU CỰ CỐ ĐỊNH-ACTi | F99: 11EE00083 | G99: Đài Loan | H99: Bộ | I99: 1 | J99: 12753042 | K99: 11477736 | L99: 0 | M99: 0 | N99: 0 | O99: 0 | Q99: KT | R99: Xuân | S99: A1 CONTROL | U99: 92 | V99: TRUE | W99: Còn
A100: 93 | B100: 70/2012 | C100: 41274 | D100: 3020303017003 | E100: CAMERA QUAN SÁT IP DẠNG BÁN CẦU TIÊU CỰ CỐ ĐỊNH-ACTi | F100: 11EE00088 | G100: Đài Loan | H100: Bộ | I100: 1 | J100: 12753042 | K100: 11477736 | L100: 0 | M100: 0 | N100: 0 | O100: 0 | Q100: KT | R100: Xuân | S100: A2 PHÒNG HIỆN | T100: A1 RACK | U100: 93 | V100: TRUE | W100: Còn
A101: 94 | B101: 03DA/2009 | C101: 39813 | D101: 302030502007006 | E101: Bộ điều khiển cho ma trận chuyển mạch 64x1 | F101: LHT10256133004 | G101: Canada | H101: Bộ | I101: 1 | J101: 26441274 | K101: 2644124 | L101: 0 | M101: 0 | N101: 0 | O101: 0 | P101: QLKT điều chuyển | Q101: MCR | R101: Chí | S101: Phòng máy MCR | U101: 94 | V101: TRUE | W101: Còn
A102: 95 | B102: 03 DA/2011 | C102: 40816 | D102: 30206001001 | E102: Đồng hồ | F102: LHTI0452060007 | G102: Mỹ | H102: Chiếc | I102: 1 | J102: 24326427 | K102: 12163222 | L102: 0 | M102: 0 | N102: 0 | O102: 0 | Q102: PH | R102: Lam | S102: Kho Lầu 1 | U102: 95 | V102: TRUE | W102: Còn
A103: 96 | B103: 03 DA/2011 | C103: 40816 | D103: 30206001002 | E103: Đồng hồ | F103: LHTI0452060005 | G103: Mỹ | H103: Chiếc | I103: 1 | J103: 24326427 | K103: 12163222 | L103: 0 | M103: 0 | N103: 0 | O103: 0 | Q103: PH | R103: Thương | S103: Đồng hồ k7, Phòng PH | U103: 96 | V103: TRUE | W103: Còn
A104: 97 | B104: 03DA/2009 | C104: 39813 | D104: 3020907006001 | E104: Kệ 19 inch | G104: Việt Nam | H104: Cái | I104: 1 | J104: 17175636 | K104: 1717552 | L104: 0 | M104: 0 | N104: 0 | O104: 0 | P104: QLKT điều chuyển | Q104: MCR | R104: Cường | S104: Phòng máy MCR | U104: 97 | V104: TRUE | W104: Còn
A105: 98 | B105: 03DA/2009 | C105: 39813 | D105: 3020907006002 | E105: Kệ 19 inch | G105: Việt Nam | H105: Cái | I105: 1 | J105: 17175636 | K105: 1717552 | L105: 0 | M105: 0 | N105: 0 | O105: 0 | P105: QLKT điều chuyển | Q105: MCR | R105: Cường | S105: Phòng máy MCR | U105: 98 | V105: TRUE | W105: Còn
A106: 99 | B106: 03DA/2009 | C106: 39813 | D106: 3020907006004 | E106: Kệ 19 inch | G106: Việt Nam | H106: Cái | I106: 1 | J106: 17175636 | K106: 1717552 | L106: 0 | M106: 0 | N106: 0 | O106: 0 | P106: QLKT điều chuyển | Q106: MCR | R106: Cường | S106: Phòng máy MCR | U106: 99 | V106: TRUE | W106: Còn
A107: 100 | B107: 03DA/2009 | C107: 39813 | D107: 3020907006005 | E107: Kệ 19 inch | G107: Việt Nam | H107: Cái | I107: 1 | J107: 17175636 | K107: 1717552 | L107: 0 | M107: 0 | N107: 0 | O107: 0 | P107: QLKT điều chuyển | Q107: MCR | R107: Cường | S107: Phòng máy MCR | U107: 100 | V107: TRUE | W107: Còn
A108: 101 | B108: 03DA/2009 | C108: 39813 | D108: 3020907006006 | E108: Kệ 19 inch | G108: Việt Nam | H108: Cái | I108: 1 | J108: 17175636 | K108: 1717552 | L108: 0 | M108: 0 | N108: 0 | O108: 0 | P108: QLKT điều chuyển | Q108: MCR | R108: Cường | S108: Phòng máy MCR | U108: 101 | V108: TRUE | W108: Còn
A109: 102 | B109: 03DA/2009 | C109: 39813 | D109: 3020907006007 | E109: Kệ 19 inch | G109: Việt Nam | H109: Cái | I109: 1 | J109: 17175636 | K109: 1717552 | L109: 0 | M109: 0 | N109: 0 | O109: 0 | P109: QLKT điều chuyển | Q109: MCR | R109: Cường | S109: Phòng máy MCR | U109: 102 | V109: TRUE | W109: Còn
...

Sheet CCDC
D1: Đài Truyền Hình TPHCM
D2: Đơn vị: Trung tâm Phát hình
E4: BIÊN BẢN BÀN GIAO QUẢN LÝ CÔNG CỤ DỤNG CỤ
A7: STT | B7: Số chứng từ | C7: Ngày chứng từ | D7: Ký hiệu | E7: TÊN CCDC | F7: Serial | G7: Nước SX | H7: ĐVT | I7: SL | J7: Nguyên giá | K7: Giá trị ban đầu | L7: Giá trị còn lại trước phân bổ kỳ báocáo | M7: Tỷ lệ PB kỳ BC | N7: Giá trị phân bổ đến kỳ báo cáo | O7: Giá trị còn lại đến kỳ báocáo | P7: Nơi đặt để | Q7: Phòng | R7: Người quản lý | S7: Chỗ đặt
A8: 1 | B8: 10/2011 | C8: 40640 | D8: 3010102337034 | E8: Máy tính desktop Dell | F8: GX3372S | G8: Malaysia | H8: Bộ | I8: 1 | J8: 15582606 | K8: 8830146 | L8: 0 | M8: 0 | N8: 0 | O8: 0 | Q8: PH | R8: Khanh | S8: Chép file HTVC cũ
A9: 2 | B9: 01/2013 | C9: 41326 | D9: 3010102361034 | E9: Máy tính desktop Dell | F9: CX3VD2S | G9: Malaysia | H9: Bộ | I9: 1 | J9: 21510000 | K9: 20076000 | L9: 0 | M9: 0 | N9: 0 | O9: 0 | Q9: KT | R9: HA | S9: Đã thanh lý CPU, còn chi tiết màn hình trên tủ hồ sơ
A10: 3 | B10: 01/2013 | C10: 41326 | D10: 3010102361035 | E10: Máy tính desktop Dell | F10: 7W3VD2S | G10: Malaysia | H10: Bộ | I10: 1 | J10: 21510000 | K10: 20076000 | L10: 0 | M10: 0 | N10: 0 | O10: 0 | Q10: PH | R10: Khanh | S10: Kho lầu 1
A11: 4 | B11: 01/2013 | C11: 41326 | D11: 3010102361036 | E11: Máy tính desktop Dell | F11: 2Y3VD2S | G11: Malaysia | H11: Bộ | I11: 1 | J11: 21510000 | K11: 20076000 | L11: 0 | M11: 0 | N11: 0 | O11: 0 | Q11: MCR | R11: Tâm | S11: PH - Sát vách kính
A12: 5 | B12: 01/2013 | C12: 41326 | D12: 3010102361037 | E12: Máy tính desktop Dell | F12: 1X3VD2S | G12: Malaysia | H12: Bộ | I12: 1 | J12: 21510000 | K12: 20076000 | L12: 0 | M12: 0 | N12: 0 | O12: 0 | Q12: MCR | R12: Tâm | S12: Bàn 2
A13: 6 | B13: 01/2013 | C13: 41326 | D13: 3010102361038 | E13: Máy tính desktop Dell | F13: 2X3VD2S | G13: Malaysia | H13: Bộ | I13: 1 | J13: 21510000 | K13: 20076000 | L13: 0 | M13: 0 | N13: 0 | O13: 0 | Q13: KT | R13: QUAN | S13: CPU máy Quân
A14: 7 | B14: 01/2013 | C14: 41326 | D14: 3010102361039 | E14: Máy tính desktop Dell | F14: 6W3VD2S | G14: Malaysia | H14: Bộ | I14: 1 | J14: 21510000 | K14: 20076000 | L14: 0 | M14: 0 | N14: 0 | O14: 0 | Q14: MCR | R14: Tâm | S14: Linux (upload file)
A15: 8 | B15: 23/2011 | C15: 40743 | D15: 3010103057001 | E15: Máy tính xách tay Sony | F15: 275329777000158 | G15: Trung Quốc | H15: Cái | I15: 1 | J15: 29545455 | K15: 18219703 | L15: 0 | M15: 0 | N15: 0 | O15: 0 | Q15: GD | R15: Đình Lâm | S15: phòng sếp Lâm
A16: 9 | B16: 03Da01 | C16: 36892 | D16: 3010104056007 | E16: Monitor 10" PVM- 9045QM | F16: 2003009 | H16: Cái | I16: 1 | J16: 14614587 | K16: 0 | L16: 0 | M16: 0 | N16: 0 | O16: 0 | Q16: KT | R16: Xuân | S16: =IFERROR(VLOOKUP(D16, CCDC_XUAN!$D$16:$S$693, 16, 0), "Không tìm thấy") -> A2 CONTROL
A17: 10 | B17: 05DA97 | C17: 36161 | D17: 3010104072005 | E17: Monitor 14" | F17: BF-5439 | I17: 1 | J17: 19480338 | K17: 0 | L17: 0 | M17: 0 | N17: 0 | O17: 0 | Q17: KT | R17: TL | S17: Củ Chi | T17: KT Xuân thanh lý | U17: ok
A18: 11 | B18: 03Da04 | C18: 37987 | D18: 3010104093009 | E18: Monitor kiểm tra - 14" Color TV set | F18: 517952 | I18: 1 | J18: 3705220 | K18: 0 | L18: 0 | M18: 0 | N18: 0 | O18: 0 | P18: Điều chuyển từ QLKT 09/6/2015 | Q18: MCR | R18: Tâm | S18: PĐ1
A19: 12 | B19: 28/2007 | C19: 38717 | D19: 3010104107002 | E19: Monitor LCD Display Viewsonic 17" | F19: A330 447 554 65 | I19: 1 | J19: 7042513 | K19: 0 | L19: 0 | M19: 0 | N19: 0 | O19: 0 | Q19: MCR | R19: Thịnh | S19: MCR
A20: 13 | B20: 169 | C20: 38625 | D20: 3010104113001 | E20: Monitor sony 14"( Hệ thống INEW) | F20: 2006440 | I20: 1 | J20: 21712829 | K20: 0 | L20: 0 | M20: 0 | N20: 0 | O20: 0 | P20: Điều chuyển từ QLKT 09/6/2015 | Q20: MCR | R20: Tâm | S20: Hư - Kho
A21: 14 | B21: 210 | C21: 39080 | D21: 3010104154002 | E21: Monitor LCD Viewsonic 19" | F21: QALI064524218 | I21: 1 | J21: 5060000 | K21: 0 | L21: 0 | M21: 0 | N21: 0 | O21: 0 | Q21: PH | R21: Khanh | S21: Kho lầu 2
A22: 15 | B22: 211 | C22: 39080 | D22: 3010104154003 | E22: Monitor LCD Viewsonic 19" | F22: QALI064524219 | I22: 1 | J22: 5060000 | K22: 0 | L22: 0 | M22: 0 | N22: 0 | O22: 0 | Q22: PH | R22: Khanh | S22: Kho lầu 2
A23: 16 | B23: 174 | C23: 39080 | D23: 3010104157001 | E23: Clour LCD monitor 17 inch | F23: PPJ062950020 | I23: 1 | J23: 4914054 | K23: 0 | L23: 0 | M23: 0 | N23: 0 | O23: 0 | Q23: PH | R23: Khanh | S23: Kho lầu 2
A24: 17 | B24: 38 | C24: 39283 | D24: 3010104166001 | E24: Monitor Samsung LCD 32" | F24: 09923YHP500013J | H24: Cái | I24: 1 | J24: 15600000 | K24: 0 | L24: 0 | M24: 0 | N24: 0 | O24: 0 | P24: VPĐD HTV tại HN điều chuyển | Q24: KT | R24: TL | S24: Củ Chi | T24: KT Thanh thanh lý | U24: ok
A25: 18 | B25: 28/2007 | C25: 38717 | D25: 3010104167005 | E25: Màn hình kiểm tra 15" + board SDI | F25: 16905810 | G25: Thái Lan | H25: Cái | I25: 1 | J25: 13266876 | K25: 0 | L25: 0 | M25: 0 | N25: 0 | O25: 0 | Q25: KT | R25: TL | S25: Củ Chi | T25: KT Xuân thanh lý | U25: ok
A26: 19 | B26: 28/2007 | C26: 38717 | D26: 3010104168001 | E26: 15" LCD Monitor | F26: P5 HO 44101380 | G26: Trung Quốc | H26: Cái | I26: 1 | J26: 2069440 | K26: 0 | L26: 0 | M26: 0 | N26: 0 | O26: 0 | Q26: PH | R26: Khanh | S26: kho PH lầu 2 đã hư
A27: 20 | B27: 28/2007 | C27: 38717 | D27: 3010104168002 | E27: 15" LCD Monitor | F27: P5 HO 44101960 | G27: Trung Quốc | H27: Cái | I27: 1 | J27: 2069440 | K27: 0 | L27: 0 | M27: 0 | N27: 0 | O27: 0 | Q27: PH | R27: Khanh | S27: Kho lầu 2
A28: 21 | B28: 28/2007 | C28: 38717 | D28: 3010104168003 | E28: 15" LCD Monitor | F28: P5 HO 44101477 | G28: Trung Quốc | H28: Cái | I28: 1 | J28: 2069440 | K28: 0 | L28: 0 | M28: 0 | N28: 0 | O28: 0 | Q28: PH | R28: Khanh | S28: Kho lầu 2
A29: 22 | B29: 28/2007 | C29: 38717 | D29: 3010104168004 | E29: 15" LCD Monitor | F29: P5 HO 44101958 | G29: Trung Quốc | H29: Cái | I29: 1 | J29: 2069440 | K29: 0 | L29: 0 | M29: 0 | N29: 0 | O29: 0 | Q29: PH | R29: Khanh | S29: Kho lầu 2
A30: 23 | B30: 235 | C30: 38681 | D30: 3010104170002 | E30: Monitor 14" | F30: 2112348 | I30: 1 | J30: 20820034 | K30: 0 | L30: 0 | M30: 0 | N30: 0 | O30: 0 | Q30: MCR | R30: Tâm | S30: Kho
A31: 24 | B31: 03Da01 | C31: 36892 | D31: 3010104181001 | E31: Video monitor 14" | F31: 6013072 | I31: 1 | J31: 7004677 | K31: 0 | L31: 0 | M31: 0 | N31: 0 | O31: 0 | P31: Điều chuyển từ QLKT 09/6/2015 | Q31: MCR | R31: Tâm | S31: Sát tường - dùng kiểm file
A32: 25 | B32: 03Da01 | C32: 36892 | D32: 3010104181003 | E32: Video monitor 14" | F32: 6013078 | I32: 1 | J32: 7004677 | K32: 0 | L32: 0 | M32: 0 | N32: 0 | O32: 0 | P32: Điều chuyển từ QLKT 09/6/2015 | Q32: MCR | R32: Tâm | S32: Kho
A33: 26 | B33: 34/2009 | C33: 40072 | D33: 3010104187001 | E33: Màn hình vi tính LCD 17" Samsung | F33: YM17HYTS900772T | G33: Việt Nam | H33: Cái | I33: 1 | J33: 2427000 | K33: 606750 | L33: 0 | M33: 0 | N33: 0 | O33: 0 | Q33: PH | R33: Khanh | S33: Kho lầu 2
A34: 27 | B34: 15/2011 | C34: 40702 | D34: 3010104195001 | E34: Màn hình LCD 20" Samsung | F34: LR20HYTZ800542L | G34: Việt Nam | H34: Cái | I34: 1 | J34: 3928717 | K34: 2357221 | L34: 0 | M34: 0 | N34: 0 | O34: 0 | Q34: KT | R34: HAN | S34: P.HTKT màn hình hư, nóc tủ hồ sơ
A35: 28 | B35: 15/2011 | C35: 40702 | D35: 3010104195002 | E35: Màn hình LCD 20" Samsung | F35: LR20HYTZ800503R | G35: Việt Nam | H35: Cái | I35: 1 | J35: 3928717 | K35: 2357221 | L35: 0 | M35: 0 | N35: 0 | O35: 0 | Q35: MCR | R35: Tâm | S35: MCR
A36: 29 | B36: 15/2011 | C36: 40702 | D36: 3010104195003 | E36: Màn hình LCD 20" Samsung | F36: LR20HYTZ800396H | G36: Việt Nam | H36: Cái | I36: 1 | J36: 3928717 | K36: 2357221 | L36: 0 | M36: 0 | N36: 0 | O36: 0 | Q36: KT | R36: TL | S36: Củ Chi | T36: Hàn thanh lý | U36: ok
A37: 30 | B37: 15/2011 | C37: 40702 | D37: 3010104195004 | E37: Màn hình LCD 20" Samsung | F37: LR20HYTZ800529R | G37: Việt Nam | H37: Cái | I37: 1 | J37: 3928717 | K37: 2357221 | L37: 0 | M37: 0 | N37: 0 | O37: 0 | Q37: PH | R37: Khanh | S37: Kho lầu 2
A38: 31 | B38: 15/2011 | C38: 40702 | D38: 3010104195005 | E38: Màn hình LCD 20" Samsung | F38: LR20HYTZ800383H | G38: Việt Nam | H38: Cái | I38: 1 | J38: 3928717 | K38: 2357221 | L38: 0 | M38: 0 | N38: 0 | O38: 0 | Q38: KT | R38: TL | S38: Củ Chi | T38: Hàn thanh lý | U38: ok
A39: 32 | B39: 15/2011 | C39: 40702 | D39: 3010104195006 | E39: Màn hình LCD 20" Samsung | F39: LR20HYTZ800029X | G39: Việt Nam | H39: Cái | I39: 1 | J39: 3928717 | K39: 2357221 | L39: 0 | M39: 0 | N39: 0 | O39: 0 | Q39: KT | R39: TL | S39: Củ Chi | T39: Hàn thanh lý | U39: ok
A40: 33 | B40: 15/2011 | C40: 40702 | D40: 3010104195007 | E40: Màn hình LCD 20" Samsung | F40: LR20HYTZ500463P | G40: Việt Nam | H40: Cái | I40: 1 | J40: 3928717 | K40: 2357221 | L40: 0 | M40: 0 | N40: 0 | O40: 0 | Q40: KT | R40: HAN | S40: P.HTKT nóc tủ hồ sơ, trong thùng
A41: 34 | B41: 09/2013 | C41: 41386 | D41: 3010104201001 | E41: Màn hình LCD 24" Asus | F41: B5LMTF064240 | G41: Trung Quốc | H41: Cái | I41: 1 | J41: 5390909 | K41: 5211213 | L41: 0 | M41: 0 | N41: 0 | O41: 0 | Q41: KT | R41: HAN | S41: bàn HA
A42: 35 | B42: 0024XCC/AR/DV09/2016 | C42: 42731 | D42: 30101050122027 | E42: Bộ kéo dài chuột bàn phím Aten (CE700A) | F42: F3FAO57D70524 | H42: Bộ | I42: 1 | J42: 7074438 | K42: 7074438 | L42: 0 | M42: 0 | N42: 0 | O42: 0 | Q42: PH | R42: Lam | S42: KHO
A43: 36 | B43: 0024XCC/AR/DV09/2016 | C43: 42731 | D43: 30101050122028 | E43: Bộ kéo dài chuột bàn phím Aten (CE700A) | F43: F3FAO57D70521 | H43: Bộ | I43: 1 | J43: 7074438 | K43: 7074438 | L43: 0 | M43: 0 | N43: 0 | O43: 0 | Q43: PH | R43: Lam | S43: KHO
A44: 37 | B44: 0024XCC/AR/DV09/2016 | C44: 42731 | D44: 30101050122029 | E44: Bộ kéo dài chuột bàn phím Aten (CE700A) | F44: F3FAO57D70525 | H44: Bộ | I44: 1 | J44: 7074438 | K44: 7074438 | L44: 0 | M44: 0 | N44: 0 | O44: 0 | Q44: PH | R44: Lam | S44: KHO
A45: 38 | B45: 0024XCC/AR/DV09/2016 | C45: 42731 | D45: 30101050122030 | E45: Bộ kéo dài chuột bàn phím Aten (CE700A) | F45: F3FAO57D70523 | H45: Bộ | I45: 1 | J45: 7074438 | K45: 7074438 | L45: 0 | M45: 0 | N45: 0 | O45: 0 | Q45: PH | R45: Lam | S45: KHO
A46: 39 | B46: 0024XCC/AR/DV09/2016 | C46: 42731 | D46: 30101050122031 | E46: Bộ kéo dài chuột bàn phím Aten (CE700A) | F46: F3FAO57D70522 | H46: Bộ | I46: 1 | J46: 7074438 | K46: 7074438 | L46: 0 | M46: 0 | N46: 0 | O46: 0 | Q46: PH | R46: Lam | S46: KHO
A47: 40 | B47: 0024XCC/AR/DV09/2016 | C47: 42731 | D47: 30101050122032 | E47: Bộ kéo dài chuột bàn phím Aten (CE700A) | F47: F3FAO57D70582 | H47: Bộ | I47: 1 | J47: 7074438 | K47: 7074438 | L47: 0 | M47: 0 | N47: 0 | O47: 0 | Q47: PH | R47: Lam | S47: KHO
A48: 41 | B48: 0024XCC/AR/DV09/2016 | C48: 42731 | D48: 30101050122033 | E48: Bộ kéo dài chuột bàn phím Aten (CE700A) | F48: F3FAO57D70581 | H48: Bộ | I48: 1 | J48: 7074438 | K48: 7074438 | L48: 0 | M48: 0 | N48: 0 | O48: 0 | Q48: PH | R48: Lam | S48: KHO
A49: 42 | B49: 0024XCC/AR/DV09/2016 | C49: 42731 | D49: 30101050122034 | E49: Bộ kéo dài chuột bàn phím Aten (CE700A) | F49: F3FAO57D70583 | H49: Bộ | I49: 1 | J49: 7074438 | K49: 7074438 | L49: 0 | M49: 0 | N49: 0 | O49: 0 | Q49: PH | R49: Lam | S49: KHO
A50: 43 | B50: 0024XCC/AR/DV09/2016 | C50: 42731 | D50: 30101050122035 | E50: Bộ kéo dài chuột bàn phím Aten (CE700A) | F50: F3FAO57D70584 | H50: Bộ | I50: 1 | J50: 7074438 | K50: 7074438 | L50: 0 | M50: 0 | N50: 0 | O50: 0 | Q50: PH | R50: Lam | S50: KHO
A51: 44 | B51: 0024XCC/AR/DV09/2016 | C51: 42731 | D51: 30101050122036 | E51: Bộ kéo dài chuột bàn phím Aten (CE700A) | F51: F3FAO57D70585 | H51: Bộ | I51: 1 | J51: 7074438 | K51: 7074438 | L51: 0 | M51: 0 | N51: 0 | O51: 0 | Q51: PH | R51: Lam | S51: KHO
A52: 45 | B52: 0028XCC/AR/DV09/2016 | C52: 42731 | D52: 30101050122037 | E52: Bộ kéo dài chuột bàn phím Aten (CE700AL/ CE700AR) | F52: K3G6-003-0386 | H52: Bộ | I52: 1 | J52: 10000000 | K52: 10000000 | L52: 0 | M52: 0 | N52: 0 | O52: 0 | Q52: MCR | R52: Tâm | S52: MCR Main FBNC
A53: 46 | B53: 0028XCC/AR/DV09/2016 | C53: 42731 | D53: 30101050122038 | E53: Bộ kéo dài chuột bàn phím Aten (CE700AL/ CE700AR) | F53: K3G6-003-0387 | H53: Bộ | I53: 1 | J53: 10000000 | K53: 10000000 | L53: 0 | M53: 0 | N53: 0 | O53: 0 | Q53: MCR | R53: Tâm | S53: Rack 2-MCR - Monitor các máy backup
... A61: 54 | B61: 0028XCC/AR/DV09/2016 | C61: 42731 | D61: 30101050122046 | E61: Bộ kéo dài chuột bàn phím Aten (CE700AL/ CE700AR) | F61: K3G6-003-0490 | H61: Bộ | I61: 1 | J61: 10000000 | K61: 10000000 | L61: 0 | M61: 0 | N61: 0 | O61: 0 | Q61: MCR | R61: Tâm | S61: Rack 1-MCR - HTV2
A62: 55 | B62: 58/2009 | C62: 40074 | D62: 3010106005001 | E62: Máy vi tính (Main Gigabyte chipset intel, Ram 2GB, CPU Core 2 Dual, HDD 160GB, Case 4U, Power Cooler Master 550W, DVD RW, Card AVER) | H62: Cái | I62: 1 | J62: 16764900 | K62: 4750055 | L62: 0 | M62: 0 | N62: 0 | O62: 0 | P62: QLKT điều chuyển | Q62: MCR | R62: Chí | S62: Kho lầu 2
A63: 56 | B63: 58/2009 | C63: 40074 | D63: 3010106005002 | E63: Máy vi tính (Main Gigabyte chipset intel, Ram 2GB, CPU Core 2 Dual, HDD 160GB, Case 4U, Power Cooler Master 550W, DVD RW, Card AVER) | H63: Cái | I63: 1 | J63: 16764900 | K63: 4750055 | L63: 0 | M63: 0 | N63: 0 | O63: 0 | P63: QLKT điều chuyển | Q63: MCR | R63: Chí | S63: Kho lầu 2
A64: 57 | B64: 58/2009 | C64: 40074 | D64: 3010106005003 | E64: Máy vi tính (Main Gigabyte chipset intel, Ram 2GB, CPU Core 2 Dual, HDD 160GB, Case 4U, Power Cooler Master 550W, DVD RW, Card AVER) | H64: Cái | I64: 1 | J64: 16764900 | K64: 4750055 | L64: 0 | M64: 0 | N64: 0 | O64: 0 | P64: QLKT điều chuyển | Q64: MCR | R64: Chí | S64: Check playlist cũ MCR
A65: 58 | B65: 58/2009 | C65: 40074 | D65: 3010106005004 | E65: Máy vi tính (Main Gigabyte chipset intel, Ram 2GB, CPU Core 2 Dual, HDD 160GB, Case 4U, Power Cooler Master 550W, DVD RW, Card AVER) | H65: Cái | I65: 1 | J65: 16764900 | K65: 4750055 | L65: 0 | M65: 0 | N65: 0 | O65: 0 | P65: QLKT điều chuyển | Q65: MCR | R65: Chí | S65: PD3
A66: 59 | B66: 09/2013 | C66: 41386 | D66: 3010106013001 | E66: Bộ máy vi tính Cooler Master | H66: Cái | I66: 1 | J66: 19536363 | K66: 18885151 | L66: 0 | M66: 0 | N66: 0 | O66: 0 | Q66: MCR | R66: Chí | S66: MCR control
A67: 60 | B67: 09/2013 | C67: 41386 | D67: 3010106013002 | E67: Bộ máy vi tính Cooler Master | H67: Cái | I67: 1 | J67: 24777270 | K67: 23951360 | L67: 0 | M67: 0 | N67: 0 | O67: 0 | Q67: KT | R67: Xuân | S67: =IFERROR(VLOOKUP(D67, CCDC_XUAN!$D$16:$S$693, 16, 0), "Không tìm thấy") -> CQ mang theo khi qua phòng Tư liệu
A68: 61 | B68: 17/2009 | C68: 39952 | D68: 3010202004002 | E68: Network switch Linksys 1 Gbps 16 port | F68: RID20H700047 | G68: Trung Quốc | H68: Cái | I68: 1 | J68: 11955457 | K68: 2391080 | L68: 0 | M68: 0 | N68: 0 | O68: 0 | P68: Điều chuyển từ QLKT 09/6/2015 | Q68: MCR | R68: Chí | S68: MCR control
A69: 62 | B69: 70/2012 | C69: 41274 | D69: 3010202019001 | E69: SWITCH 24 PORTCisco | F69: PSG154601NZ | G69: Trung Quốc | H69: Bộ | I69: 1 | J69: 5500000 | K69: 4949998 | L69: 0 | M69: 0 | N69: 0 | O69: 0 | Q69: KT | R69: Xuân | S69: =IFERROR(VLOOKUP(D69, CCDC_XUAN!$D$16:$S$693, 16, 0), "Không tìm thấy") -> MCR cũ, sw cam quan sát
A70: 63 | B70: 70/2012 | C70: 41274 | D70: 3010202020001 | E70: SWITCH 16 PORTCisco | F70: PSJ1608008T | G70: Trung Quốc | H70: Bộ | I70: 1 | J70: 4000000 | K70: 3599998 | L70: 0 | M70: 0 | N70: 0 | O70: 0 | Q70: KT | R70: Xuân | S70: =IFERROR(VLOOKUP(D70, CCDC_XUAN!$D$16:$S$693, 16, 0), "Không tìm thấy") -> A1-Control góc trên trần nhà
A71: 64 | B71: 70/2012 | C71: 41274 | D71: 3010202020002 | E71: SWITCH 16 PORTCisco | F71: PSJ1608008Q | G71: Trung Quốc | H71: Bộ | I71: 1 | J71: 4000000 | K71: 3599998 | L71: 0 | M71: 0 | N71: 0 | O71: 0 | Q71: KT | R71: Xuân | S71: =IFERROR(VLOOKUP(D71, CCDC_XUAN!$D$16:$S$693, 16, 0), "Không tìm thấy") -> A2-Control góc trên trần nhà, sw webcam
A72: 65 | B72: 94/2008 | C72: 39793 | D72: 3010208007001 | E72: Điều khiển cho thiết bị chuyển mạch 16x4 Harris | F72: LHTI0426371015 | G72: Canada | H72: Cái | I72: 1 | J72: 21249822 | K72: 2124974 | L72: 0 | M72: 0 | N72: 0 | O72: 0 | P72: QLKT điều chuyển | Q72: MCR | R72: Chí | S72: Phòng máy MCR
A73: 66 | B73: 94/2008 | C73: 39793 | D73: 3010208007002 | E73: Điều khiển cho thiết bị chuyển mạch 16x4 Harris | F73: LHTI0426371011 | G73: Canada | H73: Cái | I73: 1 | J73: 21249822 | K73: 2124974 | L73: 0 | M73: 0 | N73: 0 | O73: 0 | P73: QLKT điều chuyển | Q73: MCR | R73: Chí | S73: Phòng máy MCR
A74: 67 | B74: 94/2008 | C74: 39793 | D74: 3010208007003 | E74: Điều khiển cho thiết bị chuyển mạch 16x4 Harris | F74: LHTI0426371018 | G74: Canada | H74: Cái | I74: 1 | J74: 21249822 | K74: 2124974 | L74: 0 | M74: 0 | N74: 0 | O74: 0 | P74: QLKT điều chuyển | Q74: MCR | R74: Chí | S74: Phòng máy MCR
A75: 68 | B75: 94/2008 | C75: 39793 | D75: 3010208007004 | E75: Điều khiển cho thiết bị chuyển mạch 16x4 Harris | F75: LHTI0426371002 | G75: Canada | H75: Cái | I75: 1 | J75: 21249822 | K75: 2124974 | L75: 0 | M75: 0 | N75: 0 | O75: 0 | P75: QLKT điều chuyển | Q75: MCR | R75: Chí | S75: Phòng máy MCR
A76: 69 | B76: 220 | C76: 37958 | D76: 3010401008002 | E76: Máy in Laser HP | F76: CNCJY 42768 | I76: 1 | J76: 8714236 | K76: 0 | L76: 0 | M76: 0 | N76: 0 | O76: 0 | Q76: PH | R76: Khanh | S76: Kho Lầu 2
A77: 70 | B77: 72 | C77: 38118 | D77: 3010401017011 | E77: Máy in Laser HP 1300 | F77: SGCB030356 | I77: 1 | J77: 5500000 | K77: 0 | L77: 0 | M77: 0 | N77: 0 | O77: 0 | Q77: KT | R77: TL | S77: Củ Chi | T77: Hàn thanh lý | U77: ok
A78: 71 | B78: 05/2008 | C78: 39507 | D78: 3010401037004 | E78: Máy in Laserjet HP1020 | F78: CNC2F58885 | G78: Trung Quốc | H78: Cái | I78: 1 | J78: 2360000 | K78: 39343 | L78: 0 | M78: 0 | N78: 0 | O78: 0 | Q78: PH | R78: Thương | S78: TTDV in, K9
A79: 72 | B79: 08/2011 | C79: 40638 | D79: 3010401052005 | E79: Máy in Laser HP | F79: CNC2Y05969 | G79: Trung Quốc | H79: Cái | I79: 1 | J79: 7870000 | K79: 4459658 | L79: 0 | M79: 0 | N79: 0 | O79: 0 | Q79: PGD | R79: Hoàng Long | S79: phòng HL
A80: 73 | B80: 08/2011 | C80: 40638 | D80: 3010401052006 | E80: Máy in Laser HP | F80: CNC2Y06014 | G80: Trung Quốc | H80: Cái | I80: 1 | J80: 7870000 | K80: 4459658 | L80: 0 | M80: 0 | N80: 0 | O80: 0 | Q80: MCR | R80: Chí | S80: Máy in Sattech
A81: 74 | B81: 25/2013 | C81: 41509 | D81: 3010401054014 | E81: Máy in HP Laserjet | F81: VNC3D42359 | G81: Việt Nam | H81: Cái | I81: 1 | J81: 8920000 | K81: 8920000 | L81: 0 | M81: 0 | N81: 0 | O81: 0 | Q81: KT | R81: Xuân | S81: =IFERROR(VLOOKUP(D81, CCDC_XUAN!$D$16:$S$693, 16, 0), "Không tìm thấy") -> pHTKT bàn HA
A82: 75 | B82: 25/2013 | C82: 41509 | D82: 3010401054015 | E82: Máy in HP Laserjet | F82: VNC3D43449 | G82: Việt Nam | H82: Cái | I82: 1 | J82: 8920000 | K82: 8920000 | L82: 0 | M82: 0 | N82: 0 | O82: 0 | Q82: MS | R82: Sương | S82: Sương
A83: 76 | B83: 08/2011 | C83: 40638 | D83: 3010501016002 | E83: Máy Scanjet HP 5590 | F83: CN0AKVH0VZ | G83: Malaysia | H83: Cái | I83: 1 | J83: 8970000 | K83: 5083000 | L83: 0 | M83: 0 | N83: 0 | O83: 0 | Q83: GD | R83: Đình Lâm | S83: sếp Lâm
A84: 77 | B84: 03 DA/2011 | C84: 40724 | D84: 3010502060001 | E84: Rack 19” | G84: Việt Nam | H84: Bộ | I84: 1 | J84: 15992119 | K84: 7996066 | L84: 0 | M84: 0 | N84: 0 | O84: 0 | Q84: PH | R84: Thương | S84: Pmáy. Cũ
A85: 78 | B85: 03 DA/2011 | C85: 40724 | D85: 3010502060002 | E85: Rack 19” | G85: Việt Nam | H85: Bộ | I85: 1 | J85: 15992119 | K85: 7996066 | L85: 0 | M85: 0 | N85: 0 | O85: 0 | Q85: PH | R85: Thương | S85: Pmáy. Cũ
A86: 79 | B86: 03 DA/2011 | C86: 40724 | D86: 3010502060003 | E86: Rack 19” | G86: Việt Nam | H86: Bộ | I86: 1 | J86: 15992119 | K86: 7996066 | L86: 0 | M86: 0 | N86: 0 | O86: 0 | Q86: PH | R86: Thương | S86: Pmáy. Cũ
A87: 80 | B87: 03 DA/2011 | C87: 40724 | D87: 3010502060004 | E87: Rack 19” | G87: Việt Nam | H87: Bộ | I87: 1 | J87: 15992119 | K87: 7996066 | L87: 0 | M87: 0 | N87: 0 | O87: 0 | Q87: PH | R87: Thương | S87: Pmáy. Cũ
A88: 81 | B88: 03 DA/2011 | C88: 40724 | D88: 3010502060005 | E88: Rack 19” | G88: Việt Nam | H88: Bộ | I88: 1 | J88: 15992119 | K88: 7996066 | L88: 0 | M88: 0 | N88: 0 | O88: 0 | Q88: PH | R88: Thương | S88: Pmáy. Cũ
A89: 82 | B89: 03 DA/2011 | C89: 40724 | D89: 3010502060006 | E89: Rack 19” | G89: Việt Nam | H89: Bộ | I89: 1 | J89: 15992119 | K89: 7996066 | L89: 0 | M89: 0 | N89: 0 | O89: 0 | Q89: PH | R89: Thương | S89: Pmáy. Cũ
A90: 83 | B90: 03 DA/2011 | C90: 40724 | D90: 3010502060007 | E90: Rack 19” | G90: Việt Nam | H90: Bộ | I90: 1 | J90: 15992119 | K90: 7996066 | L90: 0 | M90: 0 | N90: 0 | O90: 0 | Q90: PH | R90: Thương | S90: Pmáy. Cũ
A91: 84 | B91: 03 DA/2011 | C91: 40724 | D91: 3010502060008 | E91: Rack 19” | G91: Việt Nam | H91: Bộ | I91: 1 | J91: 15992119 | K91: 7996066 | L91: 0 | M91: 0 | N91: 0 | O91: 0 | Q91: PH | R91: Thương | S91: Pmáy. Cũ
A92: 85 | B92: 70/2012 | C92: 41274 | D92: 3020303015001 | E92: CAMERA QUAN SÁT IP ACTi | F92: 11JE00386 | G92: Đài Loan | H92: Bộ | I92: 1 | J92: 9802223 | K92: 8822003 | L92: 0 | M92: 0 | N92: 0 | O92: 0 | Q92: KT | R92: Xuân | S92: =IFERROR(VLOOKUP(D92, CCDC_XUAN!$D$16:$S$693, 16, 0), "Không tìm thấy") -> A1 CONTROL
A93: 86 | B93: 70/2012 | C93: 41274 | D93: 3020303015002 | E93: CAMERA QUAN SÁT IP ACTi | F93: 11JE00387 | G93: Đài Loan | H93: Bộ | I93: 1 | J93: 9802223 | K93: 8822003 | L93: 0 | M93: 0 | N93: 0 | O93: 0 | Q93: KT | R93: Xuân | S93: =IFERROR(VLOOKUP(D93, CCDC_XUAN!$D$16:$S$693, 16, 0), "Không tìm thấy") -> F1 CONTROL
A94: 87 | B94: 70/2012 | C94: 41274 | D94: 3020303016001 | E94: CAMERA QUAN SÁT IP DẠNG BÁN CẦU-NHIỀU TIÊU CỰ-ACTi | F94: 11HX01190 | G94: Đài Loan | H94: Bộ | I94: 1 | J94: 17356320 | K94: 15620688 | L94: 0 | M94: 0 | N94: 0 | O94: 0 | Q94: KT | R94: TL | S94: Củ Chi
A95: 88 | B95: 70/2012 | C95: 41274 | D95: 3020303016002 | E95: CAMERA QUAN SÁT IP DẠNG BÁN CẦU-NHIỀU TIÊU CỰ-ACTi | F95: 11HX01191 | G95: Đài Loan | H95: Bộ | I95: 1 | J95: 17356320 | K95: 15620688 | L95: 0 | M95: 0 | N95: 0 | O95: 0 | Q95: KT | R95: Xuân | S95: =IFERROR(VLOOKUP(D95, CCDC_XUAN!$D$16:$S$693, 16, 0), "Không tìm thấy") -> A2 PHÒNG HIỆN
A96: 89 | B96: 70/2012 | C96: 41274 | D96: 3020303016003 | E96: CAMERA QUAN SÁT IP DẠNG BÁN CẦU-NHIỀU TIÊU CỰ-ACTi | F96: 11HX01192 | G96: Đài Loan | H96: Bộ | I96: 1 | J96: 17356320 | K96: 15620688 | L96: 0 | M96: 0 | N96: 0 | O96: 0 | Q96: KT | R96: Xuân | S96: =IFERROR(VLOOKUP(D96, CCDC_XUAN!$D$16:$S$693, 16, 0), "Không tìm thấy") -> A1 RACK
A97: 90 | B97: 70/2012 | C97: 41274 | D97: 3020303016004 | E97: CAMERA QUAN SÁT IP DẠNG BÁN CẦU-NHIỀU TIÊU CỰ-ACTi | F97: 11HX01193 | G97: Đài Loan | H97: Bộ | I97: 1 | J97: 17356320 | K97: 15620688 | L97: 0 | M97: 0 | N97: 0 | O97: 0 | Q97: KT | R97: TL | S97: Củ Chi
A98: 91 | B98: 70/2012 | C98: 41274 | D98: 3020303017001 | E98: CAMERA QUAN SÁT IP DẠNG BÁN CẦU TIÊU CỰ CỐ ĐỊNH-ACTi | F98: 11EE00081 | G98: Đài Loan | H98: Bộ | I98: 1 | J98: 12753042 | K98: 11477736 | L98: 0 | M98: 0 | N98: 0 | O98: 0 | Q98: KT | R98: Xuân | S98: =IFERROR(VLOOKUP(D98, CCDC_XUAN!$D$16:$S$693, 16, 0), "Không tìm thấy") -> A2 KHO
A99: 92 | B99: 70/2012 | C99: 41274 | D99: 3020303017002 | E99: CAMERA QUAN SÁT IP DẠNG BÁN CẦU TIÊU CỰ CỐ ĐỊNH-ACTi | F99: 11EE00083 | G99: Đài Loan | H99: Bộ | I99: 1 | J99: 12753042 | K99: 11477736 | L99: 0 | M99: 0 | N99: 0 | O99: 0 | Q99: KT | R99: Xuân | S99: =IFERROR(VLOOKUP(D99, CCDC_XUAN!$D$16:$S$693, 16, 0), "Không tìm thấy") -> A1 CONTROL
A100: 93 | B100: 70/2012 | C100: 41274 | D100: 3020303017003 | E100: CAMERA QUAN SÁT IP DẠNG BÁN CẦU TIÊU CỰ CỐ ĐỊNH-ACTi | F100: 11EE00088 | G100: Đài Loan | H100: Bộ | I100: 1 | J100: 12753042 | K100: 11477736 | L100: 0 | M100: 0 | N100: 0 | O100: 0 | Q100: KT | R100: Xuân | S100: =IFERROR(VLOOKUP(D100, CCDC_XUAN!$D$16:$S$693, 16, 0), "Không tìm thấy") -> A2 PHÒNG HIỆN
A101: 94 | B101: 03DA/2009 | C101: 39813 | D101: 302030502007006 | E101: Bộ điều khiển cho ma trận chuyển mạch 64x1 | F101: LHT10256133004 | G101: Canada | H101: Bộ | I101: 1 | J101: 26441274 | K101: 2644124 | L101: 0 | M101: 0 | N101: 0 | O101: 0 | P101: QLKT điều chuyển | Q101: MCR | R101: Chí | S101: Phòng máy MCR
A102: 95 | B102: 03 DA/2011 | C102: 40816 | D102: 30206001001 | E102: Đồng hồ | F102: LHTI0452060007 | G102: Mỹ | H102: Chiếc | I102: 1 | J102: 24326427 | K102: 12163222 | L102: 0 | M102: 0 | N102: 0 | O102: 0 | Q102: PH | R102: Lam | S102: Kho Lầu 1
A103: 96 | B103: 03 DA/2011 | C103: 40816 | D103: 30206001002 | E103: Đồng hồ | F103: LHTI0452060005 | G103: Mỹ | H103: Chiếc | I103: 1 | J103: 24326427 | K103: 12163222 | L103: 0 | M103: 0 | N103: 0 | O103: 0 | Q103: PH | R103: Thương | S103: Đồng hồ k7, Phòng PH
A104: 97 | B104: 03DA/2009 | C104: 39813 | D104: 3020907006001 | E104: Kệ 19 inch | G104: Việt Nam | H104: Cái | I104: 1 | J104: 17175636 | K104: 1717552 | L104: 0 | M104: 0 | N104: 0 | O104: 0 | P104: QLKT điều chuyển | Q104: MCR | R104: Cường | S104: Phòng máy MCR
A105: 98 | B105: 03DA/2009 | C105: 39813 | D105: 3020907006002 | E105: Kệ 19 inch | G105: Việt Nam | H105: Cái | I105: 1 | J105: 17175636 | K105: 1717552 | L105: 0 | M105: 0 | N105: 0 | O105: 0 | P105: QLKT điều chuyển | Q105: MCR | R105: Cường | S105: Phòng máy MCR
A106: 99 | B106: 03DA/2009 | C106: 39813 | D106: 3020907006004 | E106: Kệ 19 inch | G106: Việt Nam | H106: Cái | I106: 1 | J106: 17175636 | K106: 1717552 | L106: 0 | M106: 0 | N106: 0 | O106: 0 | P106: QLKT điều chuyển | Q106: MCR | R106: Cường | S106: Phòng máy MCR
A107: 100 | B107: 03DA/2009 | C107: 39813 | D107: 3020907006005 | E107: Kệ 19 inch | G107: Việt Nam | H107: Cái | I107: 1 | J107: 17175636 | K107: 1717552 | L107: 0 | M107: 0 | N107: 0 | O107: 0 | P107: QLKT điều chuyển | Q107: MCR | R107: Cường | S107: Phòng máy MCR
A108: 101 | B108: 03DA/2009 | C108: 39813 | D108: 3020907006006 | E108: Kệ 19 inch | G108: Việt Nam | H108: Cái | I108: 1 | J108: 17175636 | K108: 1717552 | L108: 0 | M108: 0 | N108: 0 | O108: 0 | P108: QLKT điều chuyển | Q108: MCR | R108: Cường | S108: Phòng máy MCR
A109: 102 | B109: 03DA/2009 | C109: 39813 | D109: 3020907006007 | E109: Kệ 19 inch | G109: Việt Nam | H109: Cái | I109: 1 | J109: 17175636 | K109: 1717552 | L109: 0 | M109: 0 | N109: 0 | O109: 0 | P109: QLKT điều chuyển | Q109: MCR | R109: Cường | S109: Phòng máy MCR
A110: 103 | B110: 03DA/2009 | C110: 39813 | D110: 3020907006008 | E110: Kệ 19 inch | G110: Việt Nam | H110: Cái | I110: 1 | J110: 17175636 | K110: 1717552 | L110: 0 | M110: 0 | N110: 0 | O110: 0 | P110: QLKT điều chuyển | Q110: MCR | R110: Cường | S110: Phòng máy MCR
...

Sheet Sheet1
A1: =IFERROR(__xludf.DUMMYFUNCTION("IMPORTRANGE(""[https://docs.google.com/spreadsheets/d/187-YYbipN2LNDJnripWi4_Nwdk9k3RiVvHiNha54jYw](https://docs.google.com/spreadsheets/d/187-YYbipN2LNDJnripWi4_Nwdk9k3RiVvHiNha54jYw)"", ""Câu trả lời biểu mẫu 1!A:C"")"),"#REF!") -> #REF!
A29: 46119.728 | B29: 70109110001 | C29: Phần mềm thiết kế phim trường ảo Brainstorm, Model:InfinitySet | D29: Phòng Lầu 2 | E29: Quân
A30: 46119.738 | B30: 302099902801001 | C30: All-in-one 17" Prompter Monitor and integrated 17" On-Air Talent Monitor Autoscript, Model:EPIC17, No:EPIC 17190084 | D30: Nhà | E30: Quân
A31: 46119.749 | B31: 70109110001 | C31: Phần mềm thiết kế phim trường ảo Brainstorm, Model:InfinitySet | D31: Toilet | E31: Thanh
A32: 46119.751 | B32: 30411193004 | C32: Tivi LED 50" Sony, Model:KDL-50W704A, No:2706905 | D32: Phòng làm việc | E32: Minh Quân
A33: 46119.757 | B33: 70109110001 | C33: Phần mềm thiết kế phim trường ảo Brainstorm, Model:InfinitySet | D33: Khách | E33: Thanh
A34: 46119.758 | B34: 3020999002002 | C34: Bộ 42 nút bấm LED Snell cho bàn phím điều khiển Snell - Remote 16x16 cho Router Snell, Model:7028100RCSB, No:S711191 | D34: Xe hơi | E34: Hùng
A35: 46119.762 | B35: 3010101157001006 | C35: Máy tính điều khiển xách tay-HP, Model:PROB00K440GO, No:2CE32105B7 | D35: Phòng ngủ | E35: Cường
A36: 46119.818 | B36: 3010101158002 | C36: Bộ tạo chữ gồm máy server- phần mềm Stingserver, máy điều khiển - phần mềm StingClient. (Theo chi tiết) | D36: Ăn | E36: Tùng
A37: 46119.849 | B37: 3010101158001001 | C37: Phần cứng thiết kế đồ họa: Z620 Workstation Intel Xeon E5-1650 3.20Ghz 12MB 1600 6C; 4GB DDR3-1600 (2x2GB) 1CPU RAM; NVIDIA Quadro 4000 2GB Graphics; 1TB 7200 RPM SATA HDD; 16X SuperMulti DVDRW SATA; Windows 7 Pro Edition 64bit; bàn phím, chuột, Model:HP-Z620, No:SGH341TSL1 | D37: Kho văn phòng | E37: Hàn
A38: 46120.957 | B38: 3010101157003 | C38: Hệ thống chạy chữ (Autoscript) bao gồm:Thiết bị xuất hình và Bộ điều khiển chạy chữ (Theo chi tiết), Model:Xbox Ultra WinPlus, No:24130640 | D38: Test 1 | E38: Q
A39: 46120.962 | B39: 3010101064002 | C39: Server Capture Digital Future theo định dạng DV và MPEG-2 , Model:i-Capture, No:0787 | D39: ĐC Lam | E39: Quân
A40: 46120.966 | B40: 3010101064002 | C40: Server Capture Digital Future theo định dạng DV và MPEG-2 , Model:i-Capture, No:0787 | D40: Q | E40: Q
A41: 46120.969 | B41: 3010101064002 | C41: Server Capture Digital Future theo định dạng DV và MPEG-2 , Model:i-Capture, No:0787 | D41: Bếp | E41: Hải
A42: 46120.976 | B42: 3010101064002 | C42: Server Capture Digital Future theo định dạng DV và MPEG-2 , Model:i-Capture, No:0787 | D42: Nguyệt | E42: Hằng
A43: 46121.002 | B43: 3010101158001001 | C43: Phần cứng thiết kế đồ họa: Z620 Workstation Intel Xeon E5-1650 3.20Ghz 12MB 1600 6C; 4GB DDR3-1600 (2x2GB) 1CPU RAM; NVIDIA Quadro 4000 2GB Graphics; 1TB 7200 RPM SATA HDD; 16X SuperMulti DVDRW SATA; Windows 7 Pro Edition 64bit; bàn phím, chuột, Model:HP-Z620, No:SGH341TSL1 | D43: Giường | E43: Thanh | F43: Thiết bị
A44: 46121.009 | B44: 3010102337034 | C44: Máy tính desktop Dell | D44: Toilet | E44: Quân | F44: CCDC
A45: 46121.036 | B45: 3010101086001 | C45: Máy chủ quản lý dữ liệu File server -Media File Directory server, MediaLibrary File Directory Server, consists of redundant pair of servers, heartbeat interconnect cables, documentation, software. For use with MediaLibrary 24000e or MediaLibrary ML1G (1 bộ gồm 02 cái), Model:TLA-5001-00, No:BZDR72550962, BZDR72652478 | D45: Phuc | E45: Banh | F45: Thiết bị

Sheet Main-sau thanh ly
C1: Đài Truyền Hình TPHCM
C2: Trung Tâm Phát hình
F4: BIÊN BẢN BÀN GIAO QUẢN LÝ TÀI SẢN
A6: STT | B6: Số chứng từ | C6: Ngày chứng từ | D6: Số hiệu cũ | E6: Số hiệu | F6: Tên tài sản | G6: Nước SX | H6: ĐVT | I6: SL | J6: Giá trị | K6: Phòng | L6: Người QL | M6: Vị trí
A7: 3 | B7: 77/2009 | C7: 40178 | E7: 3010101064002 | F7: Server Capture Digital Future theo định dạng DV và MPEG-2 , Model:i-Capture, No:0787 | G7: Việt Nam | H7: Bộ | I7: 1 | J7: 224486622 | K7: PH | L7: Lam | M7: Máy VP trong lầu 1 PH mới
A8: 3.1 | E8: 3010101064002001 | F8: Màn hình vi tính LCD Viewsonic 17", Model:VA1916W, No:RN7094300049 | I8: 1 | J8: 0 | K8: PH | L8: Lam
A9: 5 | B9: 03 DA/2011 | C9: 40875 | E9: 3010101086001 | F9: Máy chủ quản lý dữ liệu File server -Media File Directory server, MediaLibrary File Directory Server, consists of redundant pair of servers, heartbeat interconnect cables, documentation, software. For use with MediaLibrary 24000e or MediaLibrary ML1G (1 bộ gồm 02 cái), Model:TLA-5001-00, No:BZDR72550962, BZDR72652478 | G9: Mỹ | H9: Bộ | I9: 1 | J9: 367831511 | K9: PH | L9: Khanh | M9: BZDR72652478 (PM.mới) Webserver cũ BZDR72550962 (PM.cũ)
A10: 6 | B10: 03 DA/2011 | C10: 40875 | E10: 3010101087001 | F10: Máy tính điều khiển tủ: PCS Server | H10: Bộ | I10: 1 | J10: 317721303 | K10: PH | L10: Khanh | M10: PM.CŨ Sony Petasite
A11: 6.1 | E11: 3010101087001001 | F11: Máy tính điều khiển tủ: PCS Server'. CPU Quad Core Xeon 5420 (2.50GHz). 'Memory: 2 GB Memory Kit. 'FDD: 1 x FDD, HP 2x 146GB SAS 10K 2.5 DP HDD, 'Optical Drive: 1 x DVD-ROM, 'Keyboard and Mouse. 'Redundant P/S: 1 Redundant Power Supply và phần mềm , Model:DL 360G5, No:SGH848XNAT | I11: 1 | J11: 243712689 | K11: PH | L11: Khanh
A12: 6.2 | E12: 3010101087001002 | F12: 17" LCD Monitor, Model:L1710, No:3Xuân8294VN6 | I12: 1 | J12: 8407751 | K12: PH | L12: Khanh
A13: 7 | B13: 03 DA/2011 | C13: 40875 | E13: 3010101088001 | F13: Server hardware for database | H13: Bộ | I13: 1 | J13: 339581457 | K13: PH | L13: Khanh | M13: PM.MỚI SQL.BK
A14: 7.1 | E14: 3010101088001001 | F14: Monitor LCD 19", Model:L1910, No:CNC820PW49 | I14: 1 | J14: 14573436 | K14: PH | L14: Khanh
A15: 7.2 | E15: 3010101088001002 | F15: Server hardware for Database: Quad Core Xeon 5420 (2.50GHz), RAM 2GB, 2 x HP 146GB 10K SAS 2.5 DP HDD; HP Slim 8X/24X DVD-ROM Drive, FDDKeyboard and Mouse, Model:DL360G5, No:GH848XNAS | I15: 1 | J15: 166361375 | K15: PH | L15: Khanh
A16: 8 | B16: 03 DA/2011 | C16: 40875 | E16: 3010101088002 | F16: Server hardware for database | H16: Bộ | I16: 1 | J16: 339581457 | K16: PH | L16: Khanh | M16: PM.Mới SQL.Main
A17: 8.1 | E17: 3010101088002001 | F17: Monitor LCD 19", Model:L1910, No:CNC820PWBM | I17: 1 | J17: 14573436 | K17: PH | L17: Khanh
A18: 8.2 | E18: 3010101088002002 | F18: Server hardware for Database: Quad Core Xeon 5420 (2.50GHz), RAM 2GB, 2 x HP 146GB 10K SAS 2.5 DP HDD; HP Slim 8X/24X DVD-ROM Drive, FDDKeyboard and Mouse, Model:DL360G5, No:GH848XNAV | I18: 1 | J18: 166361375 | K18: PH | L18: Khanh
A19: 9 | B19: 03 DA/2011 | C19: 40875 | E19: 3010101089001 | F19: Hệ thống phần cứng | H19: Bộ | I19: 1 | J19: 209765774 | K19: PH | L19: Khanh | M19: Auto9B HTV9 Bkup, PM.cũ Rack 3
A20: 9.1 | E20: 3010101089001001 | F20: PC hardware for Automation: Xeon 5450 3.00 12M/1333 QC, NVIDIA Quadro FX3700 512MB PCIe GraphicsHP 4GB (2x2GB) DDR2-667 ECC FBD RAM; HP 250GB SATA 3Gb/s . NXuân 7200 1st HDD; HP USB Standard Keyboard; HP USB Optical Scroll Mouse, HP 16X DVD+-RW SuperMulti SATA 1st Drive; Floppy Disk Drive, Model:XW8600, No:SGH85101P2 | I20: 1 | J20: 129591475 | K20: PH | L20: Khanh
A21: 9.2 | E21: 3010101089001002 | F21: 19" LCD monitor, Model:L-1910, No:CNC820PW40 | I21: 1 | J21: 14573436 | K21: PH | L21: Khanh
A22: 10 | B22: 03 DA/2011 | C22: 40875 | E22: 3010101089002 | F22: Hệ thống phần cứng | H22: Bộ | I22: 1 | J22: 209765774 | K22: PH | L22: Khanh | M22: PM.Mới
A23: 10.1 | E23: 3010101089002001 | F23: PC hardware for Automation: Xeon 5450 3.00 12M/1333 QC, NVIDIA Quadro FX3700 512MB PCIe GraphicsHP 4GB (2x2GB) DDR2-667 ECC FBD RAM; HP 250GB SATA 3Gb/s . NXuân 7200 1st HDD; HP USB Standard Keyboard; HP USB Optical Scroll Mouse, HP 16X DVD+-RW SuperMulti SATA 1st Drive; Floppy Disk Drive, Model:XW8600, No:SGH85101P1 | I23: 1 | J23: 129591475 | K23: PH | L23: Khanh
A24: 10.2 | E24: 3010101089002002 | F24: 19" LCD monitor, Model:L-1910, No:CNC820PWBL | I24: 1 | J24: 14573436 | K24: PH | L24: Khanh
A25: 11 | B25: 03 DA/2011 | C25: 40875 | E25: 3010101089003 | F25: Hệ thống phần cứng | H25: Bộ | I25: 1 | J25: 209765774 | K25: PH | L25: Khanh | M25: Kho Lầu 2
A26: 11.1 | E26: 3010101089003001 | F26: PC hardware for Automation: Xeon 5450 3.00 12M/1333 QC, NVIDIA Quadro FX3700 512MB PCIe GraphicsHP 4GB (2x2GB) DDR2-667 ECC FBD RAM; HP 250GB SATA 3Gb/s . NXuân 7200 1st HDD; HP USB Standard Keyboard; HP USB Optical Scroll Mouse, HP 16X DVD+-RW SuperMulti SATA 1st Drive; Floppy Disk Drive, Model:XW8600, No:SGH85101P5 | I26: 1 | J26: 129591475 | K26: PH | L26: Khanh
A27: 11.2 | E27: 3010101089003002 | F27: 19" LCD monitor, Model:L-1910, No:CNC820PW43 | I27: 1 | J27: 14573436 | K27: PH | L27: Khanh
A28: 12 | B28: 03 DA/2011 | C28: 40875 | E28: 3010101089005 | F28: Hệ thống phần cứng | H28: Bộ | I28: 1 | J28: 209765774 | K28: PH | L28: Khanh | M28: PM.mới
A29: 12.1 | E29: 3010101089005001 | F29: PC hardware for Automation: Xeon 5450 3.00 12M/1333 QC, NVIDIA Quadro FX3700 512MB PCIe GraphicsHP 4GB (2x2GB) DDR2-667 ECC FBD RAM; HP 250GB SATA 3Gb/s . NXuân 7200 1st HDD; HP USB Standard Keyboard; HP USB Optical Scroll Mouse, HP 16X DVD+-RW SuperMulti SATA 1st Drive; Floppy Disk Drive, Model:XW8600, No:SGH85101P3 | I29: 1 | J29: 129591475 | K29: PH | L29: Khanh
A30: 13 | B30: 03 DA/2011 | C30: 40875 | E30: 3010101089006 | F30: Hệ thống phần cứng | H30: Bộ | I30: 1 | J30: 209765775 | K30: PH | L30: Khanh | M30: PM.mới
A31: 13.1 | E31: 3010101089006001 | F31: PC hardware for Automation: Xeon 5450 3.00 12M/1333 QC, NVIDIA Quadro FX3700 512MB PCIe GraphicsHP 4GB (2x2GB) DDR2-667 ECC FBD RAM; HP 250GB SATA 3Gb/s . NXuân 7200 1st HDD; HP USB Standard Keyboard; HP USB Optical Scroll Mouse, HP 16X DVD+-RW SuperMulti SATA 1st Drive; Floppy Disk Drive, Model:XW8600, No:SGH85101P6 | I31: 1 | J31: 129591475 | K31: PH | L31: Khanh
A32: 14 | B32: 03 DA/2011 | C32: 40875 | E32: 3010101089008 | F32: Hệ thống phần cứng | H32: Bộ | I32: 1 | J32: 105621760 | K32: PH | L32: Khanh | M32: ingest 1, Kho Lầu 1
A33: 14.1 | E33: 3010101089008001 | F33: PC hardware for AutomationPentium Dual Core E2200 2.2GHz/ G33 Express Chipset/(2* 512MB)=1GB DDR2 800Mhz SDRAM/ 160GB SATA/ DVD R/W+/ No FDD, Win Vista Biz License Preloaded with Win XP Professional, mouse and keyboard, Model:DX2710, No:SGH90307TC | I33: 1 | J33: 31613146 | K33: PH | L33: Khanh
A34: 15 | B34: 03 DA/2011 | C34: 40875 | E34: 3010101089014 | F34: Hệ thống phần cứng | H34: Bộ | I34: 1 | J34: 105621760 | K34: PH | L34: Khanh | M34: Alarm K79, phía sau máy VP1
A35: 15.1 | E35: 3010101089014001 | F35: PC hardware for AutomationPentium Dual Core E2200 2.2GHz/ G33 Express Chipset/(2* 512MB)=1GB DDR2 800Mhz SDRAM/ 160GB SATA/ DVD R/W+/ No FDD, Win Vista Biz License Preloaded with Win XP Professional, mouse and keyboard, Model:DX2710, No:SGH9040CY7 | I35: 1 | J35: 31613146 | K35: PH | L35: Khanh
A36: 15.2 | E36: 3010101089014002 | F36: 17" LCD monitor, Model:L1710, No:3Xuân8294VMX | I36: 1 | J36: 8407752 | K36: PH | L36: Khanh
A37: 16 | B37: 03 DA/2011 | C37: 40875 | E37: 3010101090006 | F37: PC hardware for Traffic management | H37: Bộ | I37: 1 | J37: 40020897 | K37: PH | L37: Khanh | M37: upload 1, Phòng PH
A38: 16.1 | E38: 3010101090006001 | F38: PC hardware for Traffic managementPentium Dual Core E2200 2.2GHz/ G33 Express Chipset/ (2*512MB) =1GB DDR2 800Mhz SDRAM/ 160GB SATA/ DVD R/W+/ No FDD, Win Vista Biz License Preloaded with Win XP Professional, mouse and keyboard, Model:DX2710, No:SGH90307S4 | I38: 1 | J38: 31613145 | K38: PH | L38: Khanh
A39: 16.2 | E39: 3010101090006002 | F39: 17" LCD monitor, Model:L1710, No:3Xuân8294VMQ | I39: 1 | J39: 8407752 | K39: PH | L39: Khanh
A40: 17 | B40: 03 DA/2011 | C40: 40875 | E40: 3010101090007 | F40: PC hardware for Traffic management | H40: Bộ | I40: 1 | J40: 105621760 | K40: PH | L40: Hải | M40: PM.mới
A41: 17.1 | E41: 3010101090007001 | F41: PC hardware for Traffic managementPentium Dual Core E2200 2.2GHz/ G33 Express Chipset/ (2*512MB) =1GB DDR2 800Mhz SDRAM/ 160GB SATA/ DVD R/W+/ No FDD, Win Vista Biz License Preloaded with Win XP Professional, mouse and keyboard, Model:DX2710, No:SGH9040CXJ | I41: 1 | J41: 31613145 | K41: PH | L41: Hải
A42: 17.2 | E42: 3010101090007002 | F42: 17" LCD monitor, Model:L1710, No:3Xuân8294VN5 | I42: 1 | J42: 8407752 | K42: PH | L42: Hải
A43: 18 | B43: 03 DA/2011 | C43: 40875 | E43: 3010101090008 | F43: PC hardware for Traffic management | H43: Bộ | I43: 1 | J43: 40020897 | K43: PH | L43: Hải | M43: Kho Lầu 2
A44: 18.1 | E44: 3010101090008001 | F44: PC hardware for Traffic managementPentium Dual Core E2200 2.2GHz/ G33 Express Chipset/ (2*512MB) =1GB DDR2 800Mhz SDRAM/ 160GB SATA/ DVD R/W+/ No FDD, Win Vista Biz License Preloaded with Win XP Professional, mouse and keyboard, Model:DX2710, No:SGH040CXM | I44: 1 | J44: 31613145 | K44: PH | L44: Hải
A45: 18.2 | E45: 3010101090008002 | F45: 17" LCD monitor, Model:L1710, No:3Xuân8294VN1 | I45: 1 | J45: 8407752 | K45: PH | L45: Hải
A46: 19 | B46: 03 DA/2011 | C46: 40875 | E46: 3010101091001 | F46: Hệ thống phần mềm quản lý dịch chuyển tư liệu. Headquarter scheduler Robotics control. Data pump driver 50MB/sec. Type based policy manager. Sq database driver. Quad-Core Intel Xeon processors: E5430:2.66 GHz, 1333 MHz FSB,80W. 2 GB PC2-5300 FDB (DDR2-667) 2x1GB. 2x 500GB 7.2 K HP SATA HDD PC1142SR 4 GB PCI1142SR 4GB PCI E HBA, Gigabit network adapter - Window XP Professional, No:SGH848XNAX | H46: Hệ thống | I46: 1 | J46: 4296111982 | K46: PH | L46: Hải | M46: PM.cũ Datapump-2
A47: 20 | B47: 03 DA/2011 | C47: 40875 | E47: 3010101092001 | F47: Phần cứng máy tính cho hệ thống phần mềm traffic và automation | H47: Bộ | I47: 1 | J47: 105621760 | K47: PH | L47: Hải | M47: Kho Lầu 1
A48: 20.1 | E48: 3010101092001001 | F48: "PC hardware for browsing system , Pentium Dual Core E2200 2.2GHz/ G33 Express Chipset/(2* 512MB)=1GB DDR2 800Mhz SDRAM/ 160GB SATA/ DVD R/W+/ No FDD, Win Vista Biz License Preloaded with Win XP Professional, mouse and keyboard", Model:DX2710, No:SGH90307TF | I48: 1 | J48: 31613145 | K48: PH | L48: Hải
A49: 20.2 | E49: 3010101092001002 | F49: 17" LCD monitor, Model:L1710, No:3Xuân8294VN2 | I49: 1 | J49: 8407752 | K49: PH | L49: Hải
A50: 21 | B50: 03 DA/2011 | C50: 40875 | E50: 3010101092002 | F50: Phần cứng máy tính cho hệ thống phần mềm traffic và automation | H50: Bộ | I50: 1 | J50: 105621760 | K50: PH | L50: Thảo | M50: Ingest 3 trái capture
A51: 21.1 | E51: 3010101092002001 | F51: "PC hardware for browsing system , Pentium Dual Core E2200 2.2GHz/ G33 Express Chipset/(2* 512MB)=1GB DDR2 800Mhz SDRAM/ 160GB SATA/ DVD R/W+/ No FDD, Win Vista Biz License Preloaded with Win XP Professional, mouse and keyboard", Model:DX2710, No:SGH90307SC | I51: 1 | J51: 31613145 | K51: PH | L51: Thảo
A52: 21.2 | E52: 3010101092002002 | F52: 17" LCD monitor, Model:L1710, No:3Xuân8294VN8 | I52: 1 | J52: 8407752 | K52: PH | L52: Thảo
A53: 22 | B53: 03 DA/2011 | C53: 40875 | E53: 3010101092003 | F53: Phần cứng máy tính cho hệ thống phần mềm traffic và automation | H53: Bộ | I53: 1 | J53: 105621760 | K53: PH | L53: Thảo | M53: kho l2
A54: 22.1 | E54: 3010101092003001 | F54: PC hardware for browsing system , Pentium Dual Core E2200 2.2GHz/ G33 Express Chipset/(2* 512MB)=1GB DDR2 800Mhz SDRAM/ 160GB SATA/ DVD R/W+/ No FDD, Win Vista Biz License Preloaded with Win XP Professional, mouse and keyboard, Model:DX2710, No:SGH9040CWO | I54: 1 | J54: 31613145 | K54: PH | L54: Thảo
A55: 23 | B55: 03 DA/2011 | C55: 40875 | E55: 3010101092004 | F55: Phần cứng máy tính cho hệ thống phần mềm traffic và automation | H55: Bộ | I55: 1 | J55: 105621760 | K55: PH | L55: Thảo | M55: kho l2
A56: 23.1 | E56: 3010101092004001 | F56: PC hardware for browsing system , Pentium Dual Core E2200 2.2GHz/ G33 Express Chipset/(2* 512MB)=1GB DDR2 800Mhz SDRAM/ 160GB SATA/ DVD R/W+/ No FDD, Win Vista Biz License Preloaded with Win XP Professional, mouse and keyboard, Model:DX2710, No:SGH9040CY9 | I56: 1 | J56: 31613145 | K56: PH | L56: Thảo
A57: 23.2 | E57: 3010101092004002 | F57: 17" LCD monitor, Model:L1710, No:3Xuân8294VGP | I57: 1 | J57: 8407752 | K57: PH | L57: Thảo
A58: 24 | B58: 03 DA/2011 | C58: 40875 | E58: 3010101092005 | F58: Phần cứng máy tính cho hệ thống phần mềm traffic và automation | H58: Bộ | I58: 1 | J58: 105621760 | K58: PH | L58: Thảo | M58: upload1 máy ngoài L1
A59: 24.1 | E59: 3010101092005001 | F59: PC hardware for browsing system , Pentium Dual Core E2200 2.2GHz/ G33 Express Chipset/(2* 512MB)=1GB DDR2 800Mhz SDRAM/ 160GB SATA/ DVD R/W+/ No FDD, Win Vista Biz License Preloaded with Win XP Professional, mouse and keyboard, Model:DX2710, No:SGH9040CT8 | I59: 1 | J59: 31613145 | K59: PH | L59: Thảo
A60: 24.2 | E60: 3010101092005002 | F60: 17" LCD monitor, Model:L1710, No:3Xuân8294VHK | I60: 1 | J60: 8407752 | K60: PH | L60: Thảo
A61: 25 | B61: 03/2012 | C61: 40948 | E61: 3010101096001 | F61: Máy capture file Digital Future, Model:i-capture, No:0706 | G61: Việt Nam | H61: Bộ | I61: 1 | J61: 180121617 | K61: PH | L61: Thảo | M61: Máy xác nhận file
A62: 25.1 | E62: 3010101096001001 | F62: Màn hình LCD 19" Samsung, Model:S19A10N, No:MQ3SHYTB902219M | I62: 1 | J62: 0 | K62: PH | L62: Thảo
A63: 26 | B63: 03/2012 | C63: 40948 | E63: 3010101096002 | F63: Máy capture file Digital Future, Model:i-capture, No:0707 | G63: Việt Nam | H63: Bộ | I63: 1 | J63: 180121617 | K63: MCR | L63: Tâm | M63: Delay1SD
A64: 26.1 | E64: 3010101096002001 | F64: Màn hình LCD 19" Samsung, Model:S19A10N, No:MQ3SHYTB902104W | I64: 1 | J64: 0 | K64: MCR | L64: Tâm
A65: 27 | B65: 26/2013 | C65: 41512 | E65: 3010101096003 | F65: Máy capture file Digital Future, Model:i-capture, No:0714 | G65: Việt Nam | H65: Bộ | I65: 1 | J65: 175328000 | K65: MCR | L65: Tâm | M65: HTV1 MAIN
A66: 27.1 | E66: 3010101096003001 | F66: Màn hình vi tính LG 19", Model:E1942CA, No:301INXJ02874 | I66: 1 | J66: 0 | K66: MCR | L66: Tâm
A67: 28 | B67: 39/2013 | C67: 41635 | E67: 3010101096004 | F67: Máy capture file Digital Future ((loại 2 kênh)), Model:i-capture, No:0711 | G67: Việt Nam | H67: Bộ | I67: 1 | J67: 254478351 | K67: MCR | L67: Tâm | M67: Delay2SD
A68: 28.1 | E68: 3010101096004001 | F68: Màn hình LCD Asus , Model:VS248, No:C7LMTJ004738 | I68: 1 | J68: 0 | K68: MCR | L68: Tâm | M68: F1-màn hình máy Đạo diễn, giống serial nhưng khác model ???
A69: 29 | B69: 39/2013 | C69: 41635 | E69: 3010101096005 | F69: Máy capture file Digital Future ((loại 2 kênh)), Model:i-capture, No:0712 | G69: Việt Nam | H69: Bộ | I69: 1 | J69: 254478351 | K69: KT | L69: Xuân | M69: A1
A70: 29.1 | E70: 3010101096005001 | F70: Màn hình LCD Asus , Model:VS248, No:C7LMTJ005923 | I70: 1 | J70: 0 | K70: KT | L70: THANH | M70: F1: hư, để dưới tủ bàn đạo diễn F1
A71: 30 | B71: 39/2013 | C71: 41635 | E71: 3010101096006 | F71: Máy capture file Digital Future ((loại 2 kênh)), Model:i-capture, No:0713 | G71: Việt Nam | H71: Bộ | I71: 1 | J71: 254478351 | K71: MCR | L71: Tâm | M71: Capture 2
A72: 30.1 | E72: 3010101096006001 | F72: Màn hình LCD Asus , Model:VS248, No:C8LMTF052435 | I72: 1 | J72: 0 | K72: MCR | L72: Tâm
A73: 31 | B73: 0011GTTS/AR/DV09/2016 | C73: 42726 | E73: 3010101096007 | F73: Máy capture file Digital Future (Máy ghi file HD cho vệ tinh), Model:i-capture, No:15824C01 | G73: Việt Nam | H73: Bộ | I73: 1 | J73: 180900000 | K73: MCR | L73: Tâm | M73: Capture PD3
A74: 31.1 | E74: 3010101096007001 | F74: Màn hình Asus LCD, Model:VS229, No:F6LMQS000639 | G74: Trung Quốc | H74: Cái | I74: 1 | J74: 0 | K74: MCR | L74: Tâm
A75: 32 | B75: 0011GTTS/AR/DV09/2016 | C75: 42726 | E75: 3010101096008 | F75: Máy capture file Digital Future (Máy ghi file HD cho vệ tinh), Model:i-capture, No:15824C02 | G75: Việt Nam | H75: Bộ | I75: 1 | J75: 180900000 | K75: MCR | L75: Tâm | M75: Delay2HD
A76: 32.1 | E76: 3010101096008001 | F76: Màn hình Asus LCD, Model:VS229, No:F6LMQS000720 | G76: Trung Quốc | H76: Cái | I76: 1 | J76: 0 | K76: MCR | L76: Tâm
A77: 33 | B77: 0011GTTS/AR/DV09/2016 | C77: 42726 | E77: 3010101096009 | F77: Máy capture file Digital Future (Máy ghi file HD cho vệ tinh), Model:i-capture, No:15824C03 | G77: Việt Nam | H77: Bộ | I77: 1 | J77: 180900000 | K77: MCR | L77: Tâm | M77: Capture 4
A78: 33.1 | E78: 3010101096009001 | F78: Màn hình Asus LCD, Model:VS229, No:F6LMQS000723 | G78: Trung Quốc | H78: Cái | I78: 1 | J78: 0 | K78: MCR | L78: Tâm
A79: 34 | B79: 0011GTTS/AR/DV09/2016 | C79: 42726 | E79: 3010101096010 | F79: Máy capture file Digital Future (Máy ghi file HD cho vệ tinh), Model:i-capture, No:15824C04 | G79: Việt Nam | H79: Bộ | I79: 1 | J79: 180900000 | K79: MCR | L79: Tâm | M79: Capture 5
A80: 34.1 | E80: 3010101096010001 | F80: Màn hình Asus LCD, Model:VS229, No:EBLMQS003615 | G80: Trung Quốc | H80: Cái | I80: 1 | J80: 0 | K80: MCR | L80: Tâm
A81: 35 | B81: 0011GTTS/AR/DV09/2016 | C81: 42726 | E81: 3010101096011 | F81: Máy capture file Digital Future (Máy ghi file HD cho vệ tinh), Model:i-capture, No:15824C05 | G81: Việt Nam | H81: Bộ | I81: 1 | J81: 180900000 | K81: MCR | L81: Tâm | M81: Capture 3
A82: 35.1 | E82: 3010101096011001 | F82: Màn hình Asus LCD, Model:VS229, No:EBLMQS004036 | G82: Trung Quốc | H82: Cái | I82: 1 | J82: 0 | K82: MCR | L82: Tâm
A83: 36 | B83: 27/2013 | C83: 41542 | E83: 3010101107004 | F83: Máy tính duyệt file Digital Future, Model:i-Check, No:40030 | G83: Việt Nam | H83: Bộ | I83: 1 | J83: 59900000 | K83: KT | L83: Xuân | M83: phtkt bàn HA quản lý CPU, a Việt giữ màn hình
A84: 36.1 | E84: 3010101107004001 | F84: Màn hình vi tính Samsung 19", Model:S19B150B, No:MQJ3HYCD300445A | I84: 1 | J84: 0 | K84: MCR | L84: Tâm | M84: bàn HA quản lý CPU, a Việt giữ màn hình
A85: 37 | B85: 23/2012 | C85: 41044 | E85: 3010101111001 | F85: Máy vi tính Apple có chức năng dựng , Model:Mac Pro, No:YM13901XEUH | G85: Trung Quốc | H85: Bộ | I85: 1 | J85: 320390000 | K85: KT | L85: NQ | M85: pt F1
A86: 37.1 | E86: 3010101111001001 | F86: Màn hình Apple LED Cinema Display, Model:Mac Pro, No:W82031X66JL | I86: 1 | J86: 0 | K86: KT | L86: NQ | M86: 1 cái mới mang lên để bàn Cường
A87: 37.2 | E87: 3010101111001002 | F87: Màn hình Apple LED Cinema Display, Model:Mac Pro, No:W82031WH6JL | I87: 1 | J87: 0 | K87: KT | L87: NQ
A88: 38 | B88: 23/2012 | C88: 41044 | E88: 3010101111002 | F88: Máy vi tính Apple có chức năng dựng , Model:Mac Pro, No:YM13901YEUH | G88: Trung Quốc | H88: Bộ | I88: 1 | J88: 320390000 | K88: PGD | L88: HAN | M88: P.htkt, bàn sửa chữa. NQ giao Hàn 09-9-2020
A89: 38.1 | E89: 3010101111002001 | F89: Màn hình Apple LED Cinema Display, Model:Mac Pro, No:W814938U6JL | I89: 1 | J89: 0 | K89: PGD | L89: HAN | M89: P.htkt, bàn sửa chữa. NQ giao Hàn 09-9-2020
A90: 38.2 | E90: 3010101111002002 | F90: Màn hình Apple LED Cinema Display, Model:Mac Pro, No:W82031WC6JL | I90: 1 | J90: 0 | K90: PGD | L90: HAN | M90: có giấy bàn giao a An, FILE HAN-A An man hinh Apple 20-1-2017
A91: 39 | B91: 28/2012 | C91: 41073 | E91: 3010101112001 | F91: Phần cứng máy chủ HP, Model:DL160 G6, No:SGH147XACB | G91: Singapore | H91: Bộ | I91: 1 | J91: 199017590 | K91: PH | L91: Thảo | M91: R 2-6 Boss PC New
A92: 40 | B92: 39/2013 | C92: 41635 | E92: 3010101112002 | F92: Phần cứng máy chủ HP ((Server quản lý đồ họa Kernel Controller/WASP3D)), Model:DL160 G6, No:CN7238090P | G92: Singapore | H92: Bộ | I92: 1 | J92: 236609694 | K92: KT | L92: Xuân | M92: Mcr cũ - Wasp KC
A93: 41 | B93: 31/2012 | C93: 41107 | E93: 3010101113001 | F93: Hệ thống server lưu trữ, Model:i-Storage, No:0033 | G93: Việt Nam | H93: Bộ | I93: 1 | J93: 48500000 | K93: MCR | L93: Tâm | M93: Storage HTV4
A94: 42 | B94: 42/2012 | C94: 41193 | E94: 3010101115001 | F94: Máy tính Worsktation HP (Hệ thống đồ họa: nguồn HP Z800 850W, MS Windows 7 Professional 64,CPU Intel Xeon X56723.20 12MB/1333 4C. CPU1. RAM: HP4GB (4x1GB)DDR3-1333ECC 1-CPU. Graphic card : ATI Radeon HD 6970 2GB PCIe . HDD: HP 320GB SATA 7200, 1st. HP USB standard keyboard. HP USB Optical Sccroll Mouse. HP 16X DVD+/-RW Super Multi SATA, 1stODD. HP Air Cooling Solution), Model:Z800, No:SGH213T2N2 | G94: Singapore | H94: Bộ | I94: 1 | J94: 932830700 | K94: KT | L94: Xuân | M94: A2-R6, wasp server
A95: 42.1 | E95: 3010101115001001 | F95: Màn hình 24" Asus full HD, Model:VH242H, No:A3LMTF128425 | I95: 1 | J95: 0 | K95: KT | L95: NQ | M95: Màn hình bàn Thanh
A96: 43 | B96: 39/2013 | C96: 41635 | E96: 3010101115003 | F96: Máy tính Worsktation HP ((Hệ thống thiết bị tạo đồ họa Drone Designer/ WASP3D)), Model:Z800, No:SGH247Q65S | G96: Singapore | H96: Bộ | I96: 1 | J96: 910947323 | K96: KT | L96: NQ | M96: bàn cHA - Drone Designer
A97: 44 | B97: 42/2012 | C97: 41193 | E97: 3010101116001 | F97: Máy tính Worsktation HP (Hệ thống điều khiển: nguồn HP Z200 320W, Graphics cardATI Fire Pro V4800 1GB. HDD: HP 250GB SATA 7200, 1st. HP USB standard keyboard. HP USB Optical Sccroll Mouse. OS MS Windows 7 Profestional 64 bit có bản quyền . HP 16X DVD+ RW Super Multi SATA 1st Drive. CPU Intel Xeon X3430 2.40 8MB+B70/1333QC. Windows 7 OS WW Recovery Media RAM HP 2GB (2x1GB)DDR3-1333 nECC), Model:Z210, No:SGH213T2N1 | G97: Singapore | H97: Bộ | I97: 1 | J97: 115933734 | K97: KT | L97: Xuân | M97: A2-R6: Wasp client
A98: 45 | B98: 26/2013 | C98: 41512 | E98: 3010101119001 | F98: Server Ross (cài phần mềm điều khiển), Model:MC1-DB-SRV, No:50116655001 | G98: Canada | H98: Bộ | I98: 1 | J98: 102409248 | K98: PH | L98: Hải | M98: Kho
A99: 46 | B99: 26/2013 | C99: 41512 | E99: 3010101119002 | F99: Server Ross (cài phần mềm điều khiển), Model:MC1-DB-SRV, No:50116655002 | G99: Canada | H99: Bộ | I99: 1 | J99: 102409247 | K99: PH | L99: Hải | M99: Kho
A100: 47 | B100: 26/2013 | C100: 41512 | E100: 3010101120001 | F100: Máy CG Tương Lai Số , Model:i-logo, No:75017 | G100: Việt Nam | H100: Bộ | I100: 1 | J100: 140968000 | K100: MCR | L100: Tâm | M100: Capture 1
A101: 47.1 | E101: 3010101120001001 | F101: Màn hình Vi tính LG 19", Model:E1942CA, No:301INQU04564 | I101: 1 | J101: 0 | K101: MCR | L101: Tâm
A102: 48 | B102: 26/2013 | C102: 41512 | E102: 3010101120002 | F102: Máy CG Tương Lai Số , Model:i-logo, No:75018 | G102: Việt Nam | H102: Bộ | I102: 1 | J102: 140968000 | K102: MCR | L102: Tâm | M102: CG HTV2
...

Sheet Sheet1 (2)
C1: Đài Truyền Hình TPHCM
C2: Trung Tâm Phát hình
F4: BIÊN BẢN BÀN GIAO QUẢN LÝ TÀI SẢN
A6: STT | B6: Số chứng từ | C6: Ngày chứng từ | D6: Số hiệu cũ | E6: Số hiệu | F6: Tên tài sản | G6: Nước SX | H6: ĐVT | I6: SL | J6: Giá trị | K6: Phòng | L6: Người QL | M6: Vị trí
A7: 1 | B7: 04DA/2009 | C7: 40024 | E7: 3010101052001 | F7: Bộ Prompter Control và Tele-prompter | H7: Bộ | I7: 1 | J7: 593040360 | K7: KT | L7: CUONG | M7: máy tính Cường ngồi, chờ Thanh lý
A8: 1.1 | E8: 3010101052001001 | F8: Máy vi tính, Rackmount Kit:Intel PD 925 (3.0/800/2x2MB), 256 MB PC2-5300 (DDR2-667), 80GB SATA 3.0Gb/s, Integrated Broadcom NetXtreme Gigabit Ethernet NIC, Free DOS software, FDD 1.44MB., Model:DC5700, No:SGH7040B7R | I8: 1 | J8: 0 | K8: KT | L8: CUONG | M8: F2b
A9: 1.2 | E9: 3010101052001002 | F9: Màn hình 17", No:CNN7022TQR | I9: 1 | J9: 0 | K9: KT | L9: CUONG | M9: F2b
A10: 1.3 | E10: 3010101052001003 | F10: 15" TFT Flat screen On-Camera monitor inclusive Integral Cue Light & external, Standard Hood with glass & light shield, 'Light weight Adjustable Mounting plate MT/RED, PCI Promptcard with Newsroom interface Winplus & Opto Desk Top Hand Control PCI/WIN/HCI. | I10: 1 | J10: 0 | K10: KT | L10: CUONG | M10: F2b
A11: 2 | B11: 77/2009 | C11: 40178 | E11: 3010101064001 | F11: Server Capture Digital Future theo định dạng DV và MPEG-2 , Model:i-Capture, No:0786 | G11: Việt Nam | H11: Bộ | I11: 1 | J11: 224486622 | K11: KT | L11: THANH | M11: F1 RACK 1
A12: 2.1 | E12: 3010101064001001 | F12: Màn hình vi tính LCD Viewsonic 17", Model:VA1916W, No:RN7094300833 | I12: 1 | J12: 0 | K12: KT | L12: THANH
A13: 3 | B13: 77/2009 | C13: 40178 | E13: 3010101064002 | F13: Server Capture Digital Future theo định dạng DV và MPEG-2 , Model:i-Capture, No:0787 | G13: Việt Nam | H13: Bộ | I13: 1 | J13: 224486622 | K13: PH | L13: Lam | M13: Máy VP trong lầu 1 PH mới
A14: 3.1 | E14: 3010101064002001 | F14: Màn hình vi tính LCD Viewsonic 17", Model:VA1916W, No:RN7094300049 | I14: 1 | J14: 0 | K14: PH | L14: Lam
A15: 4 | B15: 15/2011 | C15: 40702 | E15: 3010101077001 | F15: Hệ thống chạy chữ Autoscript, Model:TFT15-ELP, No:15E2101005 | G15: Anh | H15: Bộ | I15: 1 | J15: 385639606 | K15: KT | L15: HAN | M15: F2B
A16: 4.1 | E16: 3010101077001001 | F16: Máy vi tính chạy chữ Việt Đông | I16: 1 | J16: 12894230 | K16: KT | L16: HAN | M16: F2B
A17: 4.2 | E17: 3010101077001002 | F17: Màn hình LCD 17" HP, Model:LE1711, No:3Xuân00113W5 | I17: 1 | J17: 0 | K17: KT | L17: HAN | M17: F2B
A18: 5 | B18: 03 DA/2011 | C18: 40875 | E18: 3010101086001 | F18: Máy chủ quản lý dữ liệu File server -Media File Directory server, MediaLibrary File Directory Server, consists of redundant pair of servers, heartbeat interconnect cables, documentation, software. For use with MediaLibrary 24000e or MediaLibrary ML1G (1 bộ gồm 02 cái), Model:TLA-5001-00, No:BZDR72550962, BZDR72652478 | G18: Mỹ | H18: Bộ | I18: 1 | J18: 367831511 | K18: PH | L18: Khanh | M18: BZDR72652478 (PM.mới) Webserver cũ BZDR72550962 (PM.cũ)
A19: 6 | B19: 03 DA/2011 | C19: 40875 | E19: 3010101087001 | F19: Máy tính điều khiển tủ: PCS Server | H19: Bộ | I19: 1 | J19: 317721303 | K19: PH | L19: Khanh | M19: PM.CŨ Sony Petasite
A20: 6.1 | E20: 3010101087001001 | F20: Máy tính điều khiển tủ: PCS Server'. CPU Quad Core Xeon 5420 (2.50GHz). 'Memory: 2 GB Memory Kit. 'FDD: 1 x FDD, HP 2x 146GB SAS 10K 2.5 DP HDD, 'Optical Drive: 1 x DVD-ROM, 'Keyboard and Mouse. 'Redundant P/S: 1 Redundant Power Supply và phần mềm , Model:DL 360G5, No:SGH848XNAT | I20: 1 | J20: 243712689 | K20: PH | L20: Khanh
A21: 6.2 | E21: 3010101087001002 | F21: 17" LCD Monitor, Model:L1710, No:3Xuân8294VN6 | I21: 1 | J21: 8407751 | K21: PH | L21: Khanh
A22: 7 | B22: 03 DA/2011 | C22: 40875 | E22: 3010101088001 | F22: Server hardware for database | H22: Bộ | I22: 1 | J22: 339581457 | K22: PH | L22: Khanh | M22: PM.MỚI SQL.BK
A23: 7.1 | E23: 3010101088001001 | F23: Monitor LCD 19", Model:L1910, No:CNC820PW49 | I23: 1 | J23: 14573436 | K23: PH | L23: Khanh
A24: 7.2 | E24: 3010101088001002 | F24: Server hardware for Database: Quad Core Xeon 5420 (2.50GHz), RAM 2GB, 2 x HP 146GB 10K SAS 2.5 DP HDD; HP Slim 8X/24X DVD-ROM Drive, FDDKeyboard and Mouse, Model:DL360G5, No:GH848XNAS | I24: 1 | J24: 166361375 | K24: PH | L24: Khanh
A25: 8 | B25: 03 DA/2011 | C25: 40875 | E25: 3010101088002 | F25: Server hardware for database | H25: Bộ | I25: 1 | J25: 339581457 | K25: PH | L25: Khanh | M25: PM.Mới SQL.Main
A26: 8.1 | E26: 3010101088002001 | F26: Monitor LCD 19", Model:L1910, No:CNC820PWBM | I26: 1 | J26: 14573436 | K26: PH | L26: Khanh
A27: 8.2 | E27: 3010101088002002 | F27: Server hardware for Database: Quad Core Xeon 5420 (2.50GHz), RAM 2GB, 2 x HP 146GB 10K SAS 2.5 DP HDD; HP Slim 8X/24X DVD-ROM Drive, FDDKeyboard and Mouse, Model:DL360G5, No:GH848XNAV | I27: 1 | J27: 166361375 | K27: PH | L27: Khanh
A28: 9 | B28: 03 DA/2011 | C28: 40875 | E28: 3010101089001 | F28: Hệ thống phần cứng | H28: Bộ | I28: 1 | J28: 209765774 | K28: PH | L28: Khanh | M28: Auto9B HTV9 Bkup, PM.cũ Rack 3
A29: 9.1 | E29: 3010101089001001 | F29: PC hardware for Automation: Xeon 5450 3.00 12M/1333 QC, NVIDIA Quadro FX3700 512MB PCIe GraphicsHP 4GB (2x2GB) DDR2-667 ECC FBD RAM; HP 250GB SATA 3Gb/s . NXuân 7200 1st HDD; HP USB Standard Keyboard; HP USB Optical Scroll Mouse, HP 16X DVD+-RW SuperMulti SATA 1st Drive; Floppy Disk Drive, Model:XW8600, No:SGH85101P2 | I29: 1 | J29: 129591475 | K29: PH | L29: Khanh
A30: 9.2 | E30: 3010101089001002 | F30: 19" LCD monitor, Model:L-1910, No:CNC820PW40 | I30: 1 | J30: 14573436 | K30: PH | L30: Khanh
A31: 10 | B31: 03 DA/2011 | C31: 40875 | E31: 3010101089002 | F31: Hệ thống phần cứng | H31: Bộ | I31: 1 | J31: 209765774 | K31: PH | L31: Khanh | M31: PM.Mới
A32: 10.1 | E32: 3010101089002001 | F32: PC hardware for Automation: Xeon 5450 3.00 12M/1333 QC, NVIDIA Quadro FX3700 512MB PCIe GraphicsHP 4GB (2x2GB) DDR2-667 ECC FBD RAM; HP 250GB SATA 3Gb/s . NXuân 7200 1st HDD; HP USB Standard Keyboard; HP USB Optical Scroll Mouse, HP 16X DVD+-RW SuperMulti SATA 1st Drive; Floppy Disk Drive, Model:XW8600, No:SGH85101P1 | I32: 1 | J32: 129591475 | K32: PH | L32: Khanh
A33: 10.2 | E33: 3010101089002002 | F33: 19" LCD monitor, Model:L-1910, No:CNC820PWBL | I33: 1 | J33: 14573436 | K33: PH | L33: Khanh
A34: 11 | B34: 03 DA/2011 | C34: 40875 | E34: 3010101089003 | F34: Hệ thống phần cứng | H34: Bộ | I34: 1 | J34: 209765774 | K34: PH | L34: Khanh | M34: Kho Lầu 2
A35: 11.1 | E35: 3010101089003001 | F35: PC hardware for Automation: Xeon 5450 3.00 12M/1333 QC, NVIDIA Quadro FX3700 512MB PCIe GraphicsHP 4GB (2x2GB) DDR2-667 ECC FBD RAM; HP 250GB SATA 3Gb/s . NXuân 7200 1st HDD; HP USB Standard Keyboard; HP USB Optical Scroll Mouse, HP 16X DVD+-RW SuperMulti SATA 1st Drive; Floppy Disk Drive, Model:XW8600, No:SGH85101P5 | I35: 1 | J35: 129591475 | K35: PH | L35: Khanh
A36: 11.2 | E36: 3010101089003002 | F36: 19" LCD monitor, Model:L-1910, No:CNC820PW43 | I36: 1 | J36: 14573436 | K36: PH | L36: Khanh
A37: 12 | B37: 03 DA/2011 | C37: 40875 | E37: 3010101089005 | F37: Hệ thống phần cứng | H37: Bộ | I37: 1 | J37: 209765774 | K37: PH | L37: Khanh | M37: PM.mới
A38: 12.1 | E38: 3010101089005001 | F38: PC hardware for Automation: Xeon 5450 3.00 12M/1333 QC, NVIDIA Quadro FX3700 512MB PCIe GraphicsHP 4GB (2x2GB) DDR2-667 ECC FBD RAM; HP 250GB SATA 3Gb/s . NXuân 7200 1st HDD; HP USB Standard Keyboard; HP USB Optical Scroll Mouse, HP 16X DVD+-RW SuperMulti SATA 1st Drive; Floppy Disk Drive, Model:XW8600, No:SGH85101P3 | I38: 1 | J38: 129591475 | K38: PH | L38: Khanh
A39: 13 | B39: 03 DA/2011 | C39: 40875 | E39: 3010101089006 | F39: Hệ thống phần cứng | H39: Bộ | I39: 1 | J39: 209765775 | K39: PH | L39: Khanh | M39: PM.mới
A40: 13.1 | E40: 3010101089006001 | F40: PC hardware for Automation: Xeon 5450 3.00 12M/1333 QC, NVIDIA Quadro FX3700 512MB PCIe GraphicsHP 4GB (2x2GB) DDR2-667 ECC FBD RAM; HP 250GB SATA 3Gb/s . NXuân 7200 1st HDD; HP USB Standard Keyboard; HP USB Optical Scroll Mouse, HP 16X DVD+-RW SuperMulti SATA 1st Drive; Floppy Disk Drive, Model:XW8600, No:SGH85101P6 | I40: 1 | J40: 129591475 | K40: PH | L40: Khanh
A41: 14 | B41: 03 DA/2011 | C41: 40875 | E41: 3010101089008 | F41: Hệ thống phần cứng | H41: Bộ | I41: 1 | J41: 105621760 | K41: PH | L41: Khanh | M41: ingest 1, Kho Lầu 1
A42: 14.1 | E42: 3010101089008001 | F42: PC hardware for AutomationPentium Dual Core E2200 2.2GHz/ G33 Express Chipset/(2* 512MB)=1GB DDR2 800Mhz SDRAM/ 160GB SATA/ DVD R/W+/ No FDD, Win Vista Biz License Preloaded with Win XP Professional, mouse and keyboard, Model:DX2710, No:SGH90307TC | I42: 1 | J42: 31613146 | K42: PH | L42: Khanh
A43: 15 | B43: 03 DA/2011 | C43: 40875 | E43: 3010101089014 | F43: Hệ thống phần cứng | H43: Bộ | I43: 1 | J43: 105621760 | K43: PH | L43: Khanh | M43: Alarm K79, phía sau máy VP1
A44: 15.1 | E44: 3010101089014001 | F44: PC hardware for AutomationPentium Dual Core E2200 2.2GHz/ G33 Express Chipset/(2* 512MB)=1GB DDR2 800Mhz SDRAM/ 160GB SATA/ DVD R/W+/ No FDD, Win Vista Biz License Preloaded with Win XP Professional, mouse and keyboard, Model:DX2710, No:SGH9040CY7 | I44: 1 | J44: 31613146 | K44: PH | L44: Khanh
A45: 15.2 | E45: 3010101089014002 | F45: 17" LCD monitor, Model:L1710, No:3Xuân8294VMX | I45: 1 | J45: 8407752 | K45: PH | L45: Khanh
A46: 16 | B46: 03 DA/2011 | C46: 40875 | E46: 3010101090006 | F46: PC hardware for Traffic management | H46: Bộ | I46: 1 | J46: 40020897 | K46: PH | L46: Khanh | M46: upload 1, Phòng PH
A47: 16.1 | E47: 3010101090006001 | F47: PC hardware for Traffic managementPentium Dual Core E2200 2.2GHz/ G33 Express Chipset/ (2*512MB) =1GB DDR2 800Mhz SDRAM/ 160GB SATA/ DVD R/W+/ No FDD, Win Vista Biz License Preloaded with Win XP Professional, mouse and keyboard, Model:DX2710, No:SGH90307S4 | I47: 1 | J47: 31613145 | K47: PH | L47: Khanh
A48: 16.2 | E48: 3010101090006002 | F48: 17" LCD monitor, Model:L1710, No:3Xuân8294VMQ | I48: 1 | J48: 8407752 | K48: PH | L48: Khanh
A49: 17 | B49: 03 DA/2011 | C49: 40875 | E49: 3010101090007 | F49: PC hardware for Traffic management | H49: Bộ | I49: 1 | J49: 105621760 | K49: PH | L49: Khanh | M49: PM.mới
A50: 17.1 | E50: 3010101090007001 | F50: PC hardware for Traffic managementPentium Dual Core E2200 2.2GHz/ G33 Express Chipset/ (2*512MB) =1GB DDR2 800Mhz SDRAM/ 160GB SATA/ DVD R/W+/ No FDD, Win Vista Biz License Preloaded with Win XP Professional, mouse and keyboard, Model:DX2710, No:SGH9040CXJ | I50: 1 | J50: 31613145 | K50: PH | L50: Khanh
A51: 17.2 | E51: 3010101090007002 | F51: 17" LCD monitor, Model:L1710, No:3Xuân8294VN5 | I51: 1 | J51: 8407752 | K51: PH | L51: Khanh
A52: 18 | B52: 03 DA/2011 | C52: 40875 | E52: 3010101090008 | F52: PC hardware for Traffic management | H52: Bộ | I52: 1 | J52: 40020897 | K52: PH | L52: Khanh | M52: Kho Lầu 2
A53: 18.1 | E53: 3010101090008001 | F53: PC hardware for Traffic managementPentium Dual Core E2200 2.2GHz/ G33 Express Chipset/ (2*512MB) =1GB DDR2 800Mhz SDRAM/ 160GB SATA/ DVD R/W+/ No FDD, Win Vista Biz License Preloaded with Win XP Professional, mouse and keyboard, Model:DX2710, No:SGH040CXM | I53: 1 | J53: 31613145 | K53: PH | L53: Khanh
A54: 18.2 | E54: 3010101090008002 | F54: 17" LCD monitor, Model:L1710, No:3Xuân8294VN1 | I54: 1 | J54: 8407752 | K54: PH | L54: Khanh
A55: 19 | B55: 03 DA/2011 | C55: 40875 | E55: 3010101091001 | F55: Hệ thống phần mềm quản lý dịch chuyển tư liệu. Headquarter scheduler Robotics control. Data pump driver 50MB/sec. Type based policy manager. Sq database driver. Quad-Core Intel Xeon processors: E5430:2.66 GHz, 1333 MHz FSB,80W. 2 GB PC2-5300 FDB (DDR2-667) 2x1GB. 2x 500GB 7.2 K HP SATA HDD PC1142SR 4 GB PCI1142SR 4GB PCI E HBA, Gigabit network adapter - Window XP Professional, No:SGH848XNAX | H55: Hệ thống | I55: 1 | J55: 4296111982 | K55: PH | L55: Khanh | M55: PM.cũ Datapump-2
A56: 20 | B56: 03 DA/2011 | C56: 40875 | E56: 3010101092001 | F56: Phần cứng máy tính cho hệ thống phần mềm traffic và automation | H56: Bộ | I56: 1 | J56: 105621760 | K56: PH | L56: Khanh | M56: Kho Lầu 1
A57: 20.1 | E57: 3010101092001001 | F57: "PC hardware for browsing system , Pentium Dual Core E2200 2.2GHz/ G33 Express Chipset/(2* 512MB)=1GB DDR2 800Mhz SDRAM/ 160GB SATA/ DVD R/W+/ No FDD, Win Vista Biz License Preloaded with Win XP Professional, mouse and keyboard", Model:DX2710, No:SGH90307TF | I57: 1 | J57: 31613145 | K57: PH | L57: Khanh
A58: 20.2 | E58: 3010101092001002 | F58: 17" LCD monitor, Model:L1710, No:3Xuân8294VN2 | I58: 1 | J58: 8407752 | K58: PH | L58: Khanh
A59: 21 | B59: 03 DA/2011 | C59: 40875 | E59: 3010101092002 | F59: Phần cứng máy tính cho hệ thống phần mềm traffic và automation | H59: Bộ | I59: 1 | J59: 105621760 | K59: PH | L59: Thảo | M59: Ingest 3 trái capture
A60: 21.1 | E60: 3010101092002001 | F60: "PC hardware for browsing system , Pentium Dual Core E2200 2.2GHz/ G33 Express Chipset/(2* 512MB)=1GB DDR2 800Mhz SDRAM/ 160GB SATA/ DVD R/W+/ No FDD, Win Vista Biz License Preloaded with Win XP Professional, mouse and keyboard", Model:DX2710, No:SGH90307SC | I60: 1 | J60: 31613145 | K60: PH | L60: Thảo
A61: 21.2 | E61: 3010101092002002 | F61: 17" LCD monitor, Model:L1710, No:3Xuân8294VN8 | I61: 1 | J61: 8407752 | K61: PH | L61: Thảo
A62: 22 | B62: 03 DA/2011 | C62: 40875 | E62: 3010101092003 | F62: Phần cứng máy tính cho hệ thống phần mềm traffic và automation | H62: Bộ | I62: 1 | J62: 105621760 | K62: PH | L62: Thảo | M62: kho l2
A63: 22.1 | E63: 3010101092003001 | F63: PC hardware for browsing system , Pentium Dual Core E2200 2.2GHz/ G33 Express Chipset/(2* 512MB)=1GB DDR2 800Mhz SDRAM/ 160GB SATA/ DVD R/W+/ No FDD, Win Vista Biz License Preloaded with Win XP Professional, mouse and keyboard, Model:DX2710, No:SGH9040CWO | I63: 1 | J63: 31613145 | K63: PH | L63: Thảo
A64: 23 | B64: 03 DA/2011 | C64: 40875 | E64: 3010101092004 | F64: Phần cứng máy tính cho hệ thống phần mềm traffic và automation | H64: Bộ | I64: 1 | J64: 105621760 | K64: PH | L64: Thảo | M64: kho l2
A65: 23.1 | E65: 3010101092004001 | F65: PC hardware for browsing system , Pentium Dual Core E2200 2.2GHz/ G33 Express Chipset/(2* 512MB)=1GB DDR2 800Mhz SDRAM/ 160GB SATA/ DVD R/W+/ No FDD, Win Vista Biz License Preloaded with Win XP Professional, mouse and keyboard, Model:DX2710, No:SGH9040CY9 | I65: 1 | J65: 31613145 | K65: PH | L65: Thảo
A66: 23.2 | E66: 3010101092004002 | F66: 17" LCD monitor, Model:L1710, No:3Xuân8294VGP | I66: 1 | J66: 8407752 | K66: PH | L66: Thảo
A67: 24 | B67: 03 DA/2011 | C67: 40875 | E67: 3010101092005 | F67: Phần cứng máy tính cho hệ thống phần mềm traffic và automation | H67: Bộ | I67: 1 | J67: 105621760 | K67: PH | L67: Thảo | M67: upload1 máy ngoài L1
A68: 24.1 | E68: 3010101092005001 | F68: PC hardware for browsing system , Pentium Dual Core E2200 2.2GHz/ G33 Express Chipset/(2* 512MB)=1GB DDR2 800Mhz SDRAM/ 160GB SATA/ DVD R/W+/ No FDD, Win Vista Biz License Preloaded with Win XP Professional, mouse and keyboard, Model:DX2710, No:SGH9040CT8 | I68: 1 | J68: 31613145 | K68: PH | L68: Thảo
A69: 24.2 | E69: 3010101092005002 | F69: 17" LCD monitor, Model:L1710, No:3Xuân8294VHK | I69: 1 | J69: 8407752 | K69: PH | L69: Thảo
A70: 25 | B70: 03/2012 | C70: 40948 | E70: 3010101096001 | F70: Máy capture file Digital Future, Model:i-capture, No:0706 | G70: Việt Nam | H70: Bộ | I70: 1 | J70: 180121617 | K70: PH | L70: Thảo | M70: Máy xác nhận file
A71: 25.1 | E71: 3010101096001001 | F71: Màn hình LCD 19" Samsung, Model:S19A10N, No:MQ3SHYTB902219M | I71: 1 | J71: 0 | K71: PH | L71: Thảo
A72: 26 | B72: 03/2012 | C72: 40948 | E72: 3010101096002 | F72: Máy capture file Digital Future, Model:i-capture, No:0707 | G72: Việt Nam | H72: Bộ | I72: 1 | J72: 180121617 | K72: MCR | L72: Tâm | M72: Delay1SD
A73: 26.1 | E73: 3010101096002001 | F73: Màn hình LCD 19" Samsung, Model:S19A10N, No:MQ3SHYTB902104W | I73: 1 | J73: 0 | K73: MCR | L73: Tâm
A74: 27 | B74: 26/2013 | C74: 41512 | E74: 3010101096003 | F74: Máy capture file Digital Future, Model:i-capture, No:0714 | G74: Việt Nam | H74: Bộ | I74: 1 | J74: 175328000 | K74: MCR | L74: Tâm | M74: HTV1 MAIN
A75: 27.1 | E75: 3010101096003001 | F75: Màn hình vi tính LG 19", Model:E1942CA, No:301INXJ02874 | I75: 1 | J75: 0 | K75: MCR | L75: Tâm
A76: 28 | B76: 39/2013 | C76: 41635 | E76: 3010101096004 | F76: Máy capture file Digital Future ((loại 2 kênh)), Model:i-capture, No:0711 | G76: Việt Nam | H76: Bộ | I76: 1 | J76: 254478351 | K76: MCR | L76: Tâm | M76: Delay2SD
A77: 28.1 | E77: 3010101096004001 | F77: Màn hình LCD Asus , Model:VS248, No:C7LMTJ004738 | I77: 1 | J77: 0 | K77: MCR | L77: Tâm | M77: F1-màn hình máy Đạo diễn, giống serial nhưng khác model ???
A78: 29 | B78: 39/2013 | C78: 41635 | E78: 3010101096005 | F78: Máy capture file Digital Future ((loại 2 kênh)), Model:i-capture, No:0712 | G78: Việt Nam | H78: Bộ | I78: 1 | J78: 254478351 | K78: KT | L78: Xuân | M78: F2 Rack 9 - ddr1 trước khi cháy
A79: 29.1 | E79: 3010101096005001 | F79: Màn hình LCD Asus , Model:VS248, No:C7LMTJ005923 | I79: 1 | J79: 0 | K79: KT | L79: Xuân | M79: màn hình DDR1 F1
A80: 30 | B80: 39/2013 | C80: 41635 | E80: 3010101096006 | F80: Máy capture file Digital Future ((loại 2 kênh)), Model:i-capture, No:0713 | G80: Việt Nam | H80: Bộ | I80: 1 | J80: 254478351 | K80: MCR | L80: Tâm | M80: Capture 2
A81: 30.1 | E81: 3010101096006001 | F81: Màn hình LCD Asus , Model:VS248, No:C8LMTF052435 | I81: 1 | J81: 0 | K81: MCR | L81: Tâm
A82: 31 | B82: 0011GTTS/AR/DV09/2016 | C82: 42726 | E82: 3010101096007 | F82: Máy capture file Digital Future (Máy ghi file HD cho vệ tinh), Model:i-capture, No:15824C01 | G82: Việt Nam | H82: Bộ | I82: 1 | J82: 180900000 | K82: MCR | L82: Tâm | M82: Capture PD3
A83: 31.1 | E83: 3010101096007001 | F83: Màn hình Asus LCD, Model:VS229, No:F6LMQS000639 | G83: Trung Quốc | H83: Cái | I83: 1 | J83: 0 | K83: MCR | L83: Tâm
A84: 32 | B84: 0011GTTS/AR/DV09/2016 | C84: 42726 | E84: 3010101096008 | F84: Máy capture file Digital Future (Máy ghi file HD cho vệ tinh), Model:i-capture, No:15824C02 | G84: Việt Nam | H84: Bộ | I84: 1 | J84: 180900000 | K84: MCR | L84: Tâm | M84: Delay2HD
A85: 32.1 | E85: 3010101096008001 | F85: Màn hình Asus LCD, Model:VS229, No:F6LMQS000720 | G85: Trung Quốc | H85: Cái | I85: 1 | J85: 0 | K85: MCR | L85: Tâm
A86: 33 | B86: 0011GTTS/AR/DV09/2016 | C86: 42726 | E86: 3010101096009 | F86: Máy capture file Digital Future (Máy ghi file HD cho vệ tinh), Model:i-capture, No:15824C03 | G86: Việt Nam | H86: Bộ | I86: 1 | J86: 180900000 | K86: MCR | L86: Tâm | M86: Capture 4
A87: 33.1 | E87: 3010101096009001 | F87: Màn hình Asus LCD, Model:VS229, No:F6LMQS000723 | G87: Trung Quốc | H87: Cái | I87: 1 | J87: 0 | K87: MCR | L87: Tâm
A88: 34 | B88: 0011GTTS/AR/DV09/2016 | C88: 42726 | E88: 3010101096010 | F88: Máy capture file Digital Future (Máy ghi file HD cho vệ tinh), Model:i-capture, No:15824C04 | G88: Việt Nam | H88: Bộ | I88: 1 | J88: 180900000 | K88: MCR | L88: Tâm | M88: Capture 5
A89: 34.1 | E89: 3010101096010001 | F89: Màn hình Asus LCD, Model:VS229, No:EBLMQS003615 | G89: Trung Quốc | H89: Cái | I89: 1 | J89: 0 | K89: MCR | L89: Tâm
A90: 35 | B90: 0011GTTS/AR/DV09/2016 | C90: 42726 | E90: 3010101096011 | F90: Máy capture file Digital Future (Máy ghi file HD cho vệ tinh), Model:i-capture, No:15824C05 | G90: Việt Nam | H90: Bộ | I90: 1 | J90: 180900000 | K90: MCR | L90: Tâm | M90: Capture 3
A91: 35.1 | E91: 3010101096011001 | F91: Màn hình Asus LCD, Model:VS229, No:EBLMQS004036 | G91: Trung Quốc | H91: Cái | I91: 1 | J91: 0 | K91: MCR | L91: Tâm
A92: 36 | B92: 27/2013 | C92: 41542 | E92: 3010101107004 | F92: Máy tính duyệt file Digital Future, Model:i-Check, No:40030 | G92: Việt Nam | H92: Bộ | I92: 1 | J92: 59900000 | K92: KT | L92: HA | M92: bàn HA quản lý CPU, a Việt giữ màn hình
A93: 36.1 | E93: 3010101107004001 | F93: Màn hình vi tính Samsung 19", Model:S19B150B, No:MQJ3HYCD300445A | I93: 1 | J93: 0 | K93: MCR | L93: Tam | M93: bàn HA quản lý CPU, a Việt giữ màn hình
A94: 37 | B94: 23/2012 | C94: 41044 | E94: 3010101111001 | F94: Máy vi tính Apple có chức năng dựng , Model:Mac Pro, No:YM13901XEUH | G94: Trung Quốc | H94: Bộ | I94: 1 | J94: 320390000 | K94: KT | L94: NQ | M94: pt F1
A95: 37.1 | E95: 3010101111001001 | F95: Màn hình Apple LED Cinema Display, Model:Mac Pro, No:W82031X66JL | I95: 1 | J95: 0 | K95: KT | L95: NQ | M95: 1 cái mới mang lên để bàn Cường
A96: 37.2 | E96: 3010101111001002 | F96: Màn hình Apple LED Cinema Display, Model:Mac Pro, No:W82031WH6JL | I96: 1 | J96: 0 | K96: KT | L96: NQ
A97: 38 | B97: 23/2012 | C97: 41044 | E97: 3010101111002 | F97: Máy vi tính Apple có chức năng dựng , Model:Mac Pro, No:YM13901YEUH | G97: Trung Quốc | H97: Bộ | I97: 1 | J97: 320390000 | L97: Hoàng Long | M97: phòng Hoàng Long
A98: 38.1 | E98: 3010101111002001 | F98: Màn hình Apple LED Cinema Display, Model:Mac Pro, No:W814938U6JL | I98: 1 | J98: 0 | L98: Hoàng Long
A99: 38.2 | E99: 3010101111002002 | F99: Màn hình Apple LED Cinema Display, Model:Mac Pro, No:W82031WC6JL | I99: 1 | J99: 0 | L99: Hoàng Long
A100: 39 | B100: 28/2012 | C100: 41073 | E100: 3010101112001 | F100: Phần cứng máy chủ HP, Model:DL160 G6, No:SGH147XACB | G100: Singapore | H100: Bộ | I100: 1 | J100: 199017590 | K100: PH | L100: Thảo | M100: R 2-6 Boss PC New
A101: 40 | B101: 39/2013 | C101: 41635 | E101: 3010101112002 | F101: Phần cứng máy chủ HP ((Server quản lý đồ họa Kernel Controller/WASP3D)), Model:DL160 G6, No:CN7238090P | G101: Singapore | H101: Bộ | I101: 1 | J101: 236609694 | K101: KT | L101: NQ | M101: Mcr cũ - Wasp KC
A102: 40.1 | E102: 3010101112002001 | F102: Màn hình LCD HP, Model:LE2002X, No:CNC1400LX9 | I102: 1 | J102: 0 | K102: KT | L102: NQ | M102: Hư, nóc tủ pHTKT, đề nghị thanh lý
...

Sheet Tai san thanh ly den 31.12.2020
A3: 679 | B3: 23/2012 | C3: 41044 | E3: 302099910010002 | F3: Tivi full HD 46" Sony, Model:KDL-46EX710, No:1007486 | G3: Malaysia | H3: Cái | I3: 1 | J3: 51460000 | K3: MCR | L3: Thịnh | M3: P.CƠ ĐIỆN | O3: Đã chuyển cơ điện, không có trong file tài sản mới ngày 11/5/2021

Sheet TS them den 31.12.2020

Sheet TS Thêm đến 31.12.2021
A1: 139 | B1: 0012GTTS/AR/DV09/2021 | C1: 44515 | E1: 3010102371008 | F1: Bộ máy tính Digital Future (máy ghi phát file 2 kênh, không kèm màn hình), Model:i-DDR, No:160321C01 | G1: Việt Nam | H1: Bộ | I1: 1 | J1: 272000000
A2: 140 | B2: 0012GTTS/AR/DV09/2021 | C2: 44515 | E2: 3010102371009 | F2: Bộ máy tính Digital Future (máy ghi phát file 2 kênh, không kèm màn hình), Model:i-DDR, No:160321C02 | G2: Việt Nam | H2: Bộ | I2: 1 | J2: 272000000
A3: 521 | B3: 0011GTTS/AR/DV09/2021 | C3: 44515 | E3: 302099904181001 | F3: Đèn chiếu Eyevis - a Leyard Company, Model:ECP-LHD-SLIM-DP, No:B303-0608 | G3: Đức | H3: Bộ | I3: 1 | J3: 484545454
A4: 522 | B4: 0011GTTS/AR/DV09/2021 | C4: 44515 | E4: 302099904181002 | F4: Đèn chiếu Eyevis - a Leyard Company, Model:ECP-LHD-SLIM-DP, No:B303-0609 | G4: Đức | H4: Bộ | I4: 1 | J4: 484545455

Sheet TS Đã thanh lý 2021 vs 2020
A1: 2 | B1: 40178 | C1: 3010101064001 | D1: Server Capture Digital Future theo định dạng DV và MPEG-2 , Model:i-Capture, No:0786 | E1: Việt Nam | F1: Bộ | G1: 1 | H1: 224486622 | I1: KT | J1: THANH | K1: F1 RACK 1 DDR3
A2: 2.1 | C2: 3010101064001001 | D2: Màn hình vi tính LCD Viewsonic 17", Model:VA1916W, No:RN7094300833 | G2: 1 | H2: 0 | I2: KT | J2: HA | K2: QLKT điều chuyển 10-10-2013 chưa giao màn hình
A3: 123 | B3: 39813 | C3: 3010102306004 | D3: Video server Digital future , Model:I-Box, No:0714 | E3: Việt Nam | F3: Cái | G3: 1 | H3: 222056404 | I3: PH | J3: Lam | K3: Offair H7-9HD, Xuân đã bàn giao Lam phát hình
A4: 123.1 | C4: 3010102306004001 | D4: Màn hình vi tính LCD 19" Viewsonic , Model:VS12085, No:R18083503821 | G4: 1 | H4: 0 | I4: PH | J4: HA | K4: Chờ QLKT Công Thắng chuyển giao. Biên bản 10-10-2013 QLKT chỉ giao món chính
A5: 614 | B5: 40543 | C5: 302099907284001 | D5: Camera Panasonic ghi hình chuẩn HD, Model:AG-HPX172EN, No:J0TCB0040 | E5: Nhật | F5: Bộ | G5: 1 | H5: 168110993 | I5: KT | J5: Xuân | K5: F2B, Cam 2 cũ
A6: 614.1 | C6: 302099907284001001 | D6: Chân camera Libec, Model:TH-950DV, No:9K9403 | G6: 1 | H6: 10102957 | I6: KT | J6: HA | K6: QLKT chưa bàn giao chi tiết, file điều chuyển 2013 chỉ ghi món chính
A7: 614.2 | C7: 302099907284001002 | D7: Đầu đọc thẻ Panasonic, Model:AJ-PCD2G, No:2870 | G7: 1 | H7: 11113156 | I7: KT | J7: HA | K7: QLKT chưa bàn giao chi tiết, file điều chuyển 2013 chỉ ghi món chính
A8: 615 | B8: 40543 | C8: 302099907284002 | D8: Camera Panasonic ghi hình chuẩn HD, Model:AG-HPX172EN, No:J0TCB0042 | E8: Nhật | F8: Bộ | G8: 1 | H8: 168110993 | I8: KT | J8: Xuân | K8: F2C, Cam 3
A9: 615.1 | C9: 302099907284002000 | D9: Chân camera Libec, Model:TH-950DV, No:0E3074 | G9: 1 | H9: 10102957 | I9: KT | J9: HA | K9: QLKT chưa bàn giao chi tiết, file điều chuyển 2013 chỉ ghi món chính
A10: 615.2 | C10: 302099907284002002 | D10: Đầu đọc thẻ Panasonic, Model:AJ-PCD2G, No:2897 | G10: 1 | H10: 11113156 | I10: KT | J10: HA | K10: QLKT chưa bàn giao chi tiết, file điều chuyển 2013 chỉ ghi món chính

Sheet TS Co them 20032023
A1: Đài Truyền Hình TPHCM
A3: DANH SÁCH TÀI SẢN CÓ ĐẾN NGÀY 31/12/2022 (DÙNG KIỂM KÊ)
A4: STT | B4: Số chứng từ | C4: Ngày chứng từ | D4: Số hiệu cũ | E4: Số hiệu | F4: Tên tài sản | G4: Nước SX | H4: ĐVT | I4: SL | J4: Giá trị
A5: Trung Tâm Phát Hình
A6: 386 | B6: 0008GTTS/AR/DV09/2022 | C6: 44867 | E6: 302099902931001 | F6: Bộ xử lý kỹ xảo hình ảnh Blackmagic Design, Model:Ultimatte 12 4K, No:10119789 | G6: Singapore | H6: Bộ | I6: 1 | J6: 283800000 | K6: =IF(ISERROR(MATCH(E6,'Chinh cho 3 phong'!E$7:E$1147,0)),"Mới","Đã có") -> Mới
A7: 387 | B7: 0008GTTS/AR/DV09/2022 | C7: 44867 | E7: 302099902931002 | F7: Bộ xử lý kỹ xảo hình ảnh Blackmagic Design, Model:Ultimatte 12 4K, No:10119917 | G7: Singapore | H7: Bộ | I7: 1 | J7: 283800000 | K7: =IF(ISERROR(MATCH(E7,'Chinh cho 3 phong'!E$7:E$1147,0)),"Mới","Đã có") -> Mới
A8: 388 | B8: 0008GTTS/AR/DV09/2022 | C8: 44867 | E8: 302099902932001 | F8: Bộ điều khiển kỹ xảo hình ảnh Blackmagic Design, Model:Ultimatte smart remote 4, No:10104041 | G8: Úc | H8: Bộ | I8: 1 | J8: 119680000 | K8: =IF(ISERROR(MATCH(E8,'Chinh cho 3 phong'!E$7:E$1147,0)),"Mới","Đã có") -> Mới
A9: 389 | B9: 0014GTTS/AR/DV09/2022 | C9: 44916 | E9: 302099902933001 | F9: Bàn mixer Yamaha (trộn tín hiệu analog), Model:MGP32X, No:ECCP01111 | G9: Indonesia | H9: Cái | I9: 1 | J9: 45000000 | K9: =IF(ISERROR(MATCH(E9,'Chinh cho 3 phong'!E$7:E$1147,0)),"Mới","Đã có") -> Mới
A10: 390 | B10: 0015GTTS/AR/DV09/2022 | C10: 44916 | E10: 302099902934001 | F10: Thiết bị điều khiển màn hình ghép Angustos (hỗ trợ 8 HDMI vào & 8 HDMI ra), Model:ACV2-0808A, No:220368ACV20808A1488 | G10: Trung Quốc | H10: Bộ | I10: 1 | J10: 43727273 | K10: =IF(ISERROR(MATCH(E10,'Chinh cho 3 phong'!E$7:E$1147,0)),"Mới","Đã có") -> Mới
A11: 632 | B11: 68/2012 | C11: 41274 | E11: 302099907300002 | F11: Máy quay phim vác vai Sony, Model:PMW-320, No:103445 | G11: Nhật | H11: Bộ | I11: 1 | J11: 475585133 | K11: =IF(ISERROR(MATCH(E11,'Chinh cho 3 phong'!E$7:E$1147,0)),"Mới","Đã có") -> Mới
A12: 633 | B12: 68/2012 | C12: 41274 | E12: 302099907300003 | F12: Máy quay phim vác vai Sony, Model:PMW-320, No:103447 | G12: Nhật | H12: Bộ | I12: 1 | J12: 475585133 | K12: =IF(ISERROR(MATCH(E12,'Chinh cho 3 phong'!E$7:E$1147,0)),"Mới","Đã có") -> Mới
A13: 634 | B13: 68/2012 | C13: 41274 | E13: 302099907300005 | F13: Máy quay phim vác vai Sony, Model:PMW-320, No:103384 | G13: Nhật | H13: Bộ | I13: 1 | J13: 475585133 | K13: =IF(ISERROR(MATCH(E13,'Chinh cho 3 phong'!E$7:E$1147,0)),"Mới","Đã có") -> Mới

Sheet DS Chuyen CChi

Sheet TS Co them den 31122023
A1: 121 | B1: 0007GTTS/AR/DV09/2023 | C1: 45247 | E1: 3010101223001 | F1: Máy chủ Dell (Kèm đĩa CD phần mềm bản quyền Windows Server Standard 2019), Model:PowerEdge R350, No:1VQKKT3 | G1: Malaysia | H1: Cái | I1: 1 | J1: 88470000 | K1: Moi
A2: 376 | B2: 0009GTTS/AR/DV09/2023 | C2: 45259 | E2: 302099902894004 | F2: Bàn trộn tín hiệu âm thanh số 24 kênh - Allen &Heath, Model:Qu-24, No:Qu24cx-1010108 | G2: Trung Quốc | H2: Bộ | I2: 1 | J2: 80900000 | K2: Moi
A3: 393 | B3: 0011GTTS/AR/DV09/2023 | C3: 45271 | E3: 302099902935001 | F3: Bàn trộn hình Sony 24 ngõ vào, chuẩn 4K, 2ME | H3: Bộ | I3: 1 | J3: 1459545455 | K3: Moi
E4: 302099902935001001 | F4: Khung chính, Model:XVS-G1, No:10374 | G4: Nhật | H4: Bộ | I4: 1 | J4: 819545455 | K4: Moi
E5: 302099902935001002 | F5: Bàn điều khiển 2ME với 24 nút chọn nguồn tín hiệu, Model:ICP-X1224, No:10186 | G5: Nhật | H5: Bộ | I5: 1 | J5: 390000000 | K5: Moi
E6: 302099902935001003 | F6: Bo xử lý tín hiệu, Model:XKS-G1600, No:10177 | G6: Trung Quốc | H6: Bộ | I6: 1 | J6: 250000000 | K6: Moi
